{
"type": "FeatureCollection",
"name": "houses",
"crs": { "type": "name", "properties": { "name": "urn:ogc:def:crs:OGC:1.3:CRS84" } },
"features": [
{"type":"Feature","properties":{"house_id":1,"lot_number":1,"block_num":15,"name":null,"status":null,"email":null,"contact_no":null},"geometry":{"type":"MultiPolygon","coordinates":[[[[-0.001035340132545,-0.001910504208204],[-0.001009923606094,-0.001818799519307],[-0.00093529575782,-0.001839077853239],[-0.000967861982525,-0.001929378811896],[-0.001035340132545,-0.001910504208204]]]]}},
{"type":"Feature","properties":{"house_id":2,"lot_number":1,"block_num":1,"name":null,"status":null,"email":null,"contact_no":null},"geometry":{"type":"MultiPolygon","coordinates":[[[[-0.000288987122199,-0.002171980233812],[-0.000211187151747,-0.002193355809215],[-0.000199257077046,-0.002196633602379],[-0.000204041450381,-0.002210494630041],[-0.000218854709446,-0.002253410803022],[-0.000223361332034,-0.002266467146242],[-0.000310348490507,-0.00224206445007],[-0.000288987122199,-0.002171980233812]]]]}},
{"type":"Feature","properties":{"house_id":3,"lot_number":2,"block_num":1,"name":null,"status":null,"email":null,"contact_no":null},"geometry":{"type":"MultiPolygon","coordinates":[[[[-0.000310348490507,-0.00224206445007],[-0.000396900647556,-0.00221778378579],[-0.000375707415906,-0.002148153795751],[-0.000288987122199,-0.002171980233812],[-0.000310348490507,-0.00224206445007]]]]}},
{"type":"Feature","properties":{"house_id":4,"lot_number":3,"block_num":1,"name":null,"status":null,"email":null,"contact_no":null},"geometry":{"type":"MultiPolygon","coordinates":[[[[-0.000375707415906,-0.002148153795751],[-0.000396900647556,-0.00221778378579],[-0.000481920984223,-0.002193932846402],[-0.000461189736083,-0.002124667491451],[-0.000375707415906,-0.002148153795751]]]]}},
{"type":"Feature","properties":{"house_id":5,"lot_number":4,"block_num":1,"name":null,"status":null,"email":null,"contact_no":null},"geometry":{"type":"MultiPolygon","coordinates":[[[[-0.000481920984223,-0.002193932846402],[-0.000567448289296,-0.002169939686068],[-0.000548466065446,-0.002100688282353],[-0.000461189736083,-0.002124667491451],[-0.000481920984223,-0.002193932846402]]]]}},
{"type":"Feature","properties":{"house_id":6,"lot_number":5,"block_num":1,"name":null,"status":null,"email":null,"contact_no":null},"geometry":{"type":"MultiPolygon","coordinates":[[[[-0.000548466065446,-0.002100688282353],[-0.000567448289296,-0.002169939686068],[-0.000654320953212,-0.0021455691093],[-0.000635354621069,-0.002076815614257],[-0.000548466065446,-0.002100688282353]]]]}},
{"type":"Feature","properties":{"house_id":7,"lot_number":6,"block_num":1,"name":null,"status":null,"email":null,"contact_no":null},"geometry":{"type":"MultiPolygon","coordinates":[[[[-0.000635354621069,-0.002076815614257],[-0.000654320953212,-0.0021455691093],[-0.000740492563124,-0.002121395200731],[-0.000721710543437,-0.002053089287377],[-0.000635354621069,-0.002076815614257]]]]}},
{"type":"Feature","properties":{"house_id":8,"lot_number":8,"block_num":1,"name":null,"status":null,"email":null,"contact_no":null},"geometry":{"type":"MultiPolygon","coordinates":[[[[-0.000924750907391,-0.002069704807899],[-0.000908151387723,-0.002009933127347],[-0.000906182427517,-0.002002405557739],[-0.000898926368434,-0.002004399163098],[-0.000894357018366,-0.002005654593999],[-0.000870263505892,-0.002012274296933],[-0.000807798667476,-0.002029436538203],[-0.000826727504412,-0.002097203525675],[-0.000924750907391,-0.002069704807899]]]]}},
{"type":"Feature","properties":{"house_id":9,"lot_number":7,"block_num":1,"name":null,"status":null,"email":null,"contact_no":null},"geometry":{"type":"MultiPolygon","coordinates":[[[[-0.000807798667476,-0.002029436538203],[-0.000721710543437,-0.002053089287377],[-0.000740492563124,-0.002121395200731],[-0.000826727504412,-0.002097203525675],[-0.000807798667476,-0.002029436538203]]]]}},
{"type":"Feature","properties":{"house_id":10,"lot_number":1,"block_num":16,"name":null,"status":null,"email":null,"contact_no":null},"geometry":{"type":"MultiPolygon","coordinates":[[[[-0.001002469548346,-0.002047412603818],[-0.001096398796627,-0.002022092075016],[-0.001078126998583,-0.001954503850659],[-0.000984092364343,-0.001980806682822],[-0.001002469548346,-0.002047412603818]]]]}},
{"type":"Feature","properties":{"house_id":11,"lot_number":2,"block_num":16,"name":null,"status":null,"email":null,"contact_no":null},"geometry":{"type":"MultiPolygon","coordinates":[[[[-0.001096398796627,-0.002022092075016],[-0.001182479910411,-0.001998887169613],[-0.001163061771189,-0.001930746379949],[-0.001078126998583,-0.001954503850659],[-0.001096398796627,-0.002022092075016]]]]}},
{"type":"Feature","properties":{"house_id":12,"lot_number":3,"block_num":16,"name":null,"status":null,"email":null,"contact_no":null},"geometry":{"type":"MultiPolygon","coordinates":[[[[-0.001182479910411,-0.001998887169613],[-0.001268620445994,-0.001975666245862],[-0.001249249906527,-0.001906638325755],[-0.001163061771189,-0.001930746379949],[-0.001182479910411,-0.001998887169613]]]]}},
{"type":"Feature","properties":{"house_id":13,"lot_number":4,"block_num":16,"name":null,"status":null,"email":null,"contact_no":null},"geometry":{"type":"MultiPolygon","coordinates":[[[[-0.001268620445994,-0.001975666245862],[-0.001355373589488,-0.001952280181257],[-0.001335269570306,-0.001882580804646],[-0.001249249906527,-0.001906638325755],[-0.001268620445994,-0.001975666245862]]]]}},
{"type":"Feature","properties":{"house_id":14,"lot_number":5,"block_num":16,"name":null,"status":null,"email":null,"contact_no":null},"geometry":{"type":"MultiPolygon","coordinates":[[[[-0.001355373589488,-0.001952280181257],[-0.001440782042781,-0.001929256605094],[-0.001421597443225,-0.001858437085247],[-0.001335269570306,-0.001882580804646],[-0.001355373589488,-0.001952280181257]]]]}},
{"type":"Feature","properties":{"house_id":15,"lot_number":6,"block_num":16,"name":null,"status":null,"email":null,"contact_no":null},"geometry":{"type":"MultiPolygon","coordinates":[[[[-0.001440782042781,-0.001929256605094],[-0.001528096718475,-0.001905719168126],[-0.001509003838743,-0.001833991730395],[-0.001421597443225,-0.001858437085247],[-0.001440782042781,-0.001929256605094]]]]}},
{"type":"Feature","properties":{"house_id":16,"lot_number":7,"block_num":16,"name":null,"status":null,"email":null,"contact_no":null},"geometry":{"type":"MultiPolygon","coordinates":[[[[-0.001528096718475,-0.001905719168126],[-0.001616026690275,-0.001882015865646],[-0.001595582749021,-0.001809764076146],[-0.001509003838743,-0.001833991730395],[-0.001528096718475,-0.001905719168126]]]]}},
{"type":"Feature","properties":{"house_id":17,"lot_number":8,"block_num":16,"name":null,"status":null,"email":null,"contact_no":null},"geometry":{"type":"MultiPolygon","coordinates":[[[[-0.001616026690275,-0.001882015865646],[-0.001701019967701,-0.001859104208535],[-0.001680699340209,-0.001785972847623],[-0.001595582749021,-0.001809764076146],[-0.001616026690275,-0.001882015865646]]]]}},
{"type":"Feature","properties":{"house_id":18,"lot_number":9,"block_num":16,"name":null,"status":null,"email":null,"contact_no":null},"geometry":{"type":"MultiPolygon","coordinates":[[[[-0.001701019967701,-0.001859104208535],[-0.001787826875102,-0.00183570365078],[-0.001766425807125,-0.001761997326248],[-0.001680699340209,-0.001785972847623],[-0.001701019967701,-0.001859104208535]]]]}},
{"type":"Feature","properties":{"house_id":19,"lot_number":10,"block_num":16,"name":null,"status":null,"email":null,"contact_no":null},"geometry":{"type":"MultiPolygon","coordinates":[[[[-0.001787826875102,-0.00183570365078],[-0.00187429118791,-0.001812395446327],[-0.001853493410952,-0.001737646722849],[-0.001766425807125,-0.001761997326248],[-0.001787826875102,-0.00183570365078]]]]}},
{"type":"Feature","properties":{"house_id":20,"lot_number":11,"block_num":16,"name":null,"status":null,"email":null,"contact_no":null},"geometry":{"type":"MultiPolygon","coordinates":[[[[-0.00187429118791,-0.001812395446327],[-0.001961019558336,-0.001789016059801],[-0.001937059761394,-0.001714275331336],[-0.001853493410952,-0.001737646722849],[-0.00187429118791,-0.001812395446327]]]]}},
{"type":"Feature","properties":{"house_id":21,"lot_number":12,"block_num":16,"name":null,"status":null,"email":null,"contact_no":null},"geometry":{"type":"MultiPolygon","coordinates":[[[[-0.001961019558336,-0.001789016059801],[-0.002084889048385,-0.001755624533217],[-0.002049639683284,-0.001682788337314],[-0.001952581103471,-0.001709934233945],[-0.001937059761394,-0.001714275331336],[-0.001961019558336,-0.001789016059801]]]]}},
{"type":"Feature","properties":{"house_id":22,"lot_number":1,"block_num":17,"name":null,"status":null,"email":null,"contact_no":null},"geometry":{"type":"MultiPolygon","coordinates":[[[[-0.000080032149365,-0.002309877327552],[-0.00017029328895,-0.002281562499755],[-0.000165828209578,-0.002267890174252],[-0.000148228246532,-0.002213998092261],[-0.000058086702672,-0.002248247485191],[-0.000080032149365,-0.002309877327552]]]]}},
{"type":"Feature","properties":{"house_id":23,"lot_number":2,"block_num":17,"name":null,"status":null,"email":null,"contact_no":null},"geometry":{"type":"MultiPolygon","coordinates":[[[[-0.000058086702672,-0.002248247485191],[-0.000148228246532,-0.002213998092261],[-0.000128047786244,-0.002155876239899],[-0.000037251853486,-0.002189736556301],[-0.000058086702672,-0.002248247485191]]]]}},
{"type":"Feature","properties":{"house_id":24,"lot_number":3,"block_num":17,"name":null,"status":null,"email":null,"contact_no":null},"geometry":{"type":"MultiPolygon","coordinates":[[[[-0.000037251853486,-0.002189736556301],[-0.000128047786244,-0.002155876239899],[-0.000106074443505,-0.002095544279496],[-0.000015586662425,-0.002128893761504],[-0.000037251853486,-0.002189736556301]]]]}},
{"type":"Feature","properties":{"house_id":25,"lot_number":4,"block_num":17,"name":null,"status":null,"email":null,"contact_no":null},"geometry":{"type":"MultiPolygon","coordinates":[[[[-0.000015586662425,-0.002128893761504],[-0.000106074443505,-0.002095544279496],[-0.00008494364801,-0.002037525691593],[0.000005351993357,-0.002070091310439],[-0.000015586662425,-0.002128893761504]]]]}},
{"type":"Feature","properties":{"house_id":26,"lot_number":5,"block_num":17,"name":null,"status":null,"email":null,"contact_no":null},"geometry":{"type":"MultiPolygon","coordinates":[[[[0.000005351993357,-0.002070091310439],[-0.00008494364801,-0.002037525691593],[-0.000063216394057,-0.001977869414398],[0.00002625387044,-0.00201139214574],[0.000005351993357,-0.002070091310439]]]]}},
{"type":"Feature","properties":{"house_id":27,"lot_number":1,"block_num":2,"name":null,"status":null,"email":null,"contact_no":null},"geometry":{"type":"MultiPolygon","coordinates":[[[[-0.000181657600197,-0.002145572802027],[-0.000245384106161,-0.002128063917056],[-0.000221932560272,-0.002039026169158],[-0.000150022311677,-0.002058712145589],[-0.000181657600197,-0.002145572802027]]]]}},
{"type":"Feature","properties":{"house_id":28,"lot_number":2,"block_num":2,"name":null,"status":null,"email":null,"contact_no":null},"geometry":{"type":"MultiPolygon","coordinates":[[[[-0.000150022311677,-0.002058712145589],[-0.000221932560272,-0.002039026169158],[-0.000196832016717,-0.001948958919062],[-0.000117885445961,-0.001970474314274],[-0.000150022311677,-0.002058712145589]]]]}},
{"type":"Feature","properties":{"house_id":29,"lot_number":4,"block_num":2,"name":null,"status":null,"email":null,"contact_no":null},"geometry":{"type":"MultiPolygon","coordinates":[[[[-0.000245384106161,-0.002128063917056],[-0.000316155856377,-0.00210861934819],[-0.000292360388341,-0.002019553886628],[-0.000221932560272,-0.002039026169158],[-0.000245384106161,-0.002128063917056]]]]}},
{"type":"Feature","properties":{"house_id":30,"lot_number":3,"block_num":2,"name":null,"status":null,"email":null,"contact_no":null},"geometry":{"type":"MultiPolygon","coordinates":[[[[-0.000221932560272,-0.002039026169158],[-0.000292360388341,-0.002019553886628],[-0.000268296222691,-0.001929482700901],[-0.000196832016717,-0.001948958919062],[-0.000221932560272,-0.002039026169158]]]]}},
{"type":"Feature","properties":{"house_id":31,"lot_number":5,"block_num":2,"name":null,"status":null,"email":null,"contact_no":null},"geometry":{"type":"MultiPolygon","coordinates":[[[[-0.000316155856377,-0.00210861934819],[-0.000385780399314,-0.002089489975018],[-0.000360375037104,-0.002000874532582],[-0.000292360388341,-0.002019553886628],[-0.000316155856377,-0.00210861934819]]]]}},
{"type":"Feature","properties":{"house_id":32,"lot_number":6,"block_num":2,"name":null,"status":null,"email":null,"contact_no":null},"geometry":{"type":"MultiPolygon","coordinates":[[[[-0.000292360388341,-0.002019553886628],[-0.000360375037104,-0.002000874532582],[-0.000334717858657,-0.001911380739856],[-0.000268296222691,-0.001929482700901],[-0.000292360388341,-0.002019553886628]]]]}},
{"type":"Feature","properties":{"house_id":33,"lot_number":8,"block_num":2,"name":null,"status":null,"email":null,"contact_no":null},"geometry":{"type":"MultiPolygon","coordinates":[[[[-0.000385780399314,-0.002089489975018],[-0.000455927462974,-0.002070217039053],[-0.00043050750135,-0.001981452355709],[-0.000360375037104,-0.002000874532582],[-0.000385780399314,-0.002089489975018]]]]}},
{"type":"Feature","properties":{"house_id":34,"lot_number":7,"block_num":2,"name":null,"status":null,"email":null,"contact_no":null},"geometry":{"type":"MultiPolygon","coordinates":[[[[-0.000360375037104,-0.002000874532582],[-0.00043050750135,-0.001981452355709],[-0.000404958740728,-0.001892237915495],[-0.000334717858657,-0.001911380739856],[-0.000360375037104,-0.002000874532582]]]]}},
{"type":"Feature","properties":{"house_id":35,"lot_number":9,"block_num":2,"name":null,"status":null,"email":null,"contact_no":null},"geometry":{"type":"MultiPolygon","coordinates":[[[[-0.000455927462974,-0.002070217039053],[-0.000524222830685,-0.002051452857347],[-0.000498984233362,-0.001962560590483],[-0.00043050750135,-0.001981452355709],[-0.000455927462974,-0.002070217039053]]]]}},
{"type":"Feature","properties":{"house_id":36,"lot_number":10,"block_num":2,"name":null,"status":null,"email":null,"contact_no":null},"geometry":{"type":"MultiPolygon","coordinates":[[[[-0.00043050750135,-0.001981452355709],[-0.000498984233362,-0.001962560590483],[-0.000473715543096,-0.001873499548997],[-0.000404958740728,-0.001892237915495],[-0.00043050750135,-0.001981452355709]]]]}},
{"type":"Feature","properties":{"house_id":37,"lot_number":12,"block_num":2,"name":null,"status":null,"email":null,"contact_no":null},"geometry":{"type":"MultiPolygon","coordinates":[[[[-0.000524222830685,-0.002051452857347],[-0.000593495129286,-0.002032420263457],[-0.000568225992891,-0.001943481996392],[-0.000498984233362,-0.001962560590483],[-0.000524222830685,-0.002051452857347]]]]}},
{"type":"Feature","properties":{"house_id":38,"lot_number":11,"block_num":2,"name":null,"status":null,"email":null,"contact_no":null},"geometry":{"type":"MultiPolygon","coordinates":[[[[-0.000498984233362,-0.001962560590483],[-0.000568225992891,-0.001943481996392],[-0.000542980868676,-0.001854622594113],[-0.000473715543096,-0.001873499548997],[-0.000498984233362,-0.001962560590483]]]]}},
{"type":"Feature","properties":{"house_id":39,"lot_number":13,"block_num":2,"name":null,"status":null,"email":null,"contact_no":null},"geometry":{"type":"MultiPolygon","coordinates":[[[[-0.000593495129286,-0.002032420263457],[-0.000662756076129,-0.002013390788469],[-0.000638398886727,-0.001924160201731],[-0.000568225992891,-0.001943481996392],[-0.000593495129286,-0.002032420263457]]]]}},
{"type":"Feature","properties":{"house_id":40,"lot_number":14,"block_num":2,"name":null,"status":null,"email":null,"contact_no":null},"geometry":{"type":"MultiPolygon","coordinates":[[[[-0.000568225992891,-0.001943481996392],[-0.000638398886727,-0.001924160201731],[-0.00061412469986,-0.001835233688043],[-0.000542980868676,-0.001854622594113],[-0.000568225992891,-0.001943481996392]]]]}},
{"type":"Feature","properties":{"house_id":41,"lot_number":16,"block_num":2,"name":null,"status":null,"email":null,"contact_no":null},"geometry":{"type":"MultiPolygon","coordinates":[[[[-0.000662756076129,-0.002013390788469],[-0.00073232386027,-0.001994277009799],[-0.00070705554141,-0.001905231150286],[-0.000638398886727,-0.001924160201731],[-0.000662756076129,-0.002013390788469]]]]}},
{"type":"Feature","properties":{"house_id":42,"lot_number":15,"block_num":2,"name":null,"status":null,"email":null,"contact_no":null},"geometry":{"type":"MultiPolygon","coordinates":[[[[-0.000638398886727,-0.001924160201731],[-0.00070705554141,-0.001905231150286],[-0.000681947435667,-0.001816749883725],[-0.00061412469986,-0.001835233688043],[-0.000638398886727,-0.001924160201731]]]]}},
{"type":"Feature","properties":{"house_id":43,"lot_number":17,"block_num":2,"name":null,"status":null,"email":null,"contact_no":null},"geometry":{"type":"MultiPolygon","coordinates":[[[[-0.00073232386027,-0.001994277009799],[-0.000801562103594,-0.001975253772611],[-0.000776033064918,-0.001886223677082],[-0.00070705554141,-0.001905231150286],[-0.00073232386027,-0.001994277009799]]]]}},
{"type":"Feature","properties":{"house_id":44,"lot_number":20,"block_num":2,"name":null,"status":null,"email":null,"contact_no":null},"geometry":{"type":"MultiPolygon","coordinates":[[[[-0.000801562103594,-0.001975253772611],[-0.000889725259041,-0.001951030907663],[-0.000858189289811,-0.001863586683488],[-0.000776033064918,-0.001886223677082],[-0.000801562103594,-0.001975253772611]]]]}},
{"type":"Feature","properties":{"house_id":45,"lot_number":19,"block_num":2,"name":null,"status":null,"email":null,"contact_no":null},"geometry":{"type":"MultiPolygon","coordinates":[[[[-0.000776033064918,-0.001886223677082],[-0.000858189289811,-0.001863586683488],[-0.000827037697746,-0.001777208276021],[-0.000750735355484,-0.001798003036754],[-0.000776033064918,-0.001886223677082]]]]}},
{"type":"Feature","properties":{"house_id":46,"lot_number":18,"block_num":2,"name":null,"status":null,"email":null,"contact_no":null},"geometry":{"type":"MultiPolygon","coordinates":[[[[-0.00070705554141,-0.001905231150286],[-0.000776033064918,-0.001886223677082],[-0.000750735355484,-0.001798003036754],[-0.000681947435667,-0.001816749883725],[-0.00070705554141,-0.001905231150286]]]]}},
{"type":"Feature","properties":{"house_id":47,"lot_number":2,"block_num":15,"name":null,"status":null,"email":null,"contact_no":null},"geometry":{"type":"MultiPolygon","coordinates":[[[[-0.00093529575782,-0.001839077853239],[-0.001009923606094,-0.001818799519307],[-0.000986139490614,-0.001732255123175],[-0.000905116369421,-0.001755395211823],[-0.00093529575782,-0.001839077853239]]]]}},
{"type":"Feature","properties":{"house_id":48,"lot_number":4,"block_num":15,"name":null,"status":null,"email":null,"contact_no":null},"geometry":{"type":"MultiPolygon","coordinates":[[[[-0.001035340132545,-0.001910504208204],[-0.001103556244752,-0.001891423185932],[-0.001079131471693,-0.001799566417579],[-0.001009923606094,-0.001818799519307],[-0.001035340132545,-0.001910504208204]]]]}},
{"type":"Feature","properties":{"house_id":49,"lot_number":3,"block_num":15,"name":null,"status":null,"email":null,"contact_no":null},"geometry":{"type":"MultiPolygon","coordinates":[[[[-0.001009923606094,-0.001818799519307],[-0.001079131471693,-0.001799566417579],[-0.001055578478183,-0.001712423446682],[-0.000986139490614,-0.001732255123175],[-0.001009923606094,-0.001818799519307]]]]}},
{"type":"Feature","properties":{"house_id":50,"lot_number":5,"block_num":16,"name":null,"status":null,"email":null,"contact_no":null},"geometry":{"type":"MultiPolygon","coordinates":[[[[-0.001103556244752,-0.001891423185932],[-0.001174040394516,-0.001871707761115],[-0.00114840779881,-0.001780467243237],[-0.001079131471693,-0.001799566417579],[-0.001103556244752,-0.001891423185932]]]]}},
{"type":"Feature","properties":{"house_id":51,"lot_number":6,"block_num":15,"name":null,"status":null,"email":null,"contact_no":null},"geometry":{"type":"MultiPolygon","coordinates":[[[[-0.001079131471693,-0.001799566417579],[-0.00114840779881,-0.001780467243237],[-0.001123871344725,-0.001693128496767],[-0.001055578478183,-0.001712423446682],[-0.001079131471693,-0.001799566417579]]]]}},
{"type":"Feature","properties":{"house_id":52,"lot_number":8,"block_num":15,"name":null,"status":null,"email":null,"contact_no":null},"geometry":{"type":"MultiPolygon","coordinates":[[[[-0.001174040394516,-0.001871707761115],[-0.001243763114841,-0.001852205319003],[-0.001218630933671,-0.001760799041645],[-0.00114840779881,-0.001780467243237],[-0.001174040394516,-0.001871707761115]]]]}},
{"type":"Feature","properties":{"house_id":53,"lot_number":7,"block_num":15,"name":null,"status":null,"email":null,"contact_no":null},"geometry":{"type":"MultiPolygon","coordinates":[[[[-0.00114840779881,-0.001780467243237],[-0.001218630933671,-0.001760799041645],[-0.001194926444391,-0.001673969708816],[-0.001123871344725,-0.001693128496767],[-0.00114840779881,-0.001780467243237]]]]}},
{"type":"Feature","properties":{"house_id":54,"lot_number":9,"block_num":15,"name":null,"status":null,"email":null,"contact_no":null},"geometry":{"type":"MultiPolygon","coordinates":[[[[-0.001243763114841,-0.001852205319003],[-0.001311583964602,-0.00183323485729],[-0.001285552916877,-0.001742153687715],[-0.001218630933671,-0.001760799041645],[-0.001243763114841,-0.001852205319003]]]]}},
{"type":"Feature","properties":{"house_id":55,"lot_number":10,"block_num":15,"name":null,"status":null,"email":null,"contact_no":null},"geometry":{"type":"MultiPolygon","coordinates":[[[[-0.001218630933671,-0.001760799041645],[-0.001285552916877,-0.001742153687715],[-0.001260976037108,-0.001656160569894],[-0.001194926444391,-0.001673969708816],[-0.001218630933671,-0.001760799041645]]]]}},
{"type":"Feature","properties":{"house_id":56,"lot_number":12,"block_num":15,"name":null,"status":null,"email":null,"contact_no":null},"geometry":{"type":"MultiPolygon","coordinates":[[[[-0.001311583964602,-0.00183323485729],[-0.001381459716937,-0.001813689609936],[-0.001354811545447,-0.001722953985493],[-0.001285552916877,-0.001742153687715],[-0.001311583964602,-0.00183323485729]]]]}},
{"type":"Feature","properties":{"house_id":57,"lot_number":13,"block_num":15,"name":null,"status":null,"email":null,"contact_no":null},"geometry":{"type":"MultiPolygon","coordinates":[[[[-0.001381459716937,-0.001813689609936],[-0.001450993413442,-0.001794240040489],[-0.001425206447144,-0.001703391002387],[-0.00140926388081,-0.001707821495908],[-0.001354811545447,-0.001722953985493],[-0.001381459716937,-0.001813689609936]]]]}},
{"type":"Feature","properties":{"house_id":58,"lot_number":16,"block_num":15,"name":null,"status":null,"email":null,"contact_no":null},"geometry":{"type":"MultiPolygon","coordinates":[[[[-0.001450993413442,-0.001794240040489],[-0.001518922082244,-0.001775239420248],[-0.001495120108221,-0.001683961757689],[-0.00147846820677,-0.001688589377856],[-0.001425206447144,-0.001703391002387],[-0.001450993413442,-0.001794240040489]]]]}},
{"type":"Feature","properties":{"house_id":59,"lot_number":11,"block_num":15,"name":null,"status":null,"email":null,"contact_no":null},"geometry":{"type":"MultiPolygon","coordinates":[[[[-0.001285552916877,-0.001742153687715],[-0.00133970983527,-0.001727150802222],[-0.001314770978274,-0.001641655687409],[-0.001260976037108,-0.001656160569894],[-0.001285552916877,-0.001742153687715]]]]}},
{"type":"Feature","properties":{"house_id":60,"lot_number":14,"block_num":15,"name":null,"status":null,"email":null,"contact_no":null},"geometry":{"type":"MultiPolygon","coordinates":[[[[-0.00133970983527,-0.001727150802222],[-0.00140926388081,-0.001707821495908],[-0.001384330557297,-0.001622900140928],[-0.001314770978274,-0.001641655687409],[-0.00133970983527,-0.001727150802222]]]]}},
{"type":"Feature","properties":{"house_id":61,"lot_number":15,"block_num":15,"name":null,"status":null,"email":null,"contact_no":null},"geometry":{"type":"MultiPolygon","coordinates":[[[[-0.00140926388081,-0.001707821495908],[-0.00147846820677,-0.001688589377856],[-0.001453406943473,-0.001604274879105],[-0.001384330557297,-0.001622900140928],[-0.00140926388081,-0.001707821495908]]]]}},
{"type":"Feature","properties":{"house_id":62,"lot_number":17,"block_num":15,"name":null,"status":null,"email":null,"contact_no":null},"geometry":{"type":"MultiPolygon","coordinates":[[[[-0.001518922082244,-0.001775239420248],[-0.001589113276147,-0.001755605939375],[-0.001562183903018,-0.001665324500543],[-0.001547344231727,-0.001669448495772],[-0.001495120108221,-0.001683961757689],[-0.001518922082244,-0.001775239420248]]]]}},
{"type":"Feature","properties":{"house_id":63,"lot_number":20,"block_num":15,"name":null,"status":null,"email":null,"contact_no":null},"geometry":{"type":"MultiPolygon","coordinates":[[[[-0.001589113276147,-0.001755605939375],[-0.001657214937656,-0.001736556930599],[-0.001631084979601,-0.001646176656526],[-0.001615839222571,-0.001650413504367],[-0.001562183903018,-0.001665324500543],[-0.001589113276147,-0.001755605939375]]]]}},
{"type":"Feature","properties":{"house_id":64,"lot_number":21,"block_num":15,"name":null,"status":null,"email":null,"contact_no":null},"geometry":{"type":"MultiPolygon","coordinates":[[[[-0.001657214937656,-0.001736556930599],[-0.001729030137564,-0.001716469192017],[-0.001703378226425,-0.001626086116839],[-0.001687776236109,-0.001630421963123],[-0.001631084979601,-0.001646176656526],[-0.001657214937656,-0.001736556930599]]]]}},
{"type":"Feature","properties":{"house_id":65,"lot_number":24,"block_num":15,"name":null,"status":null,"email":null,"contact_no":null},"geometry":{"type":"MultiPolygon","coordinates":[[[[-0.001729030137564,-0.001716469192017],[-0.001876363492825,-0.001675257945253],[-0.001835354442424,-0.0015894094766],[-0.001703378226425,-0.001626086116839],[-0.001729030137564,-0.001716469192017]]]]}},
{"type":"Feature","properties":{"house_id":66,"lot_number":23,"block_num":15,"name":null,"status":null,"email":null,"contact_no":null},"geometry":{"type":"MultiPolygon","coordinates":[[[[-0.001687776236109,-0.001630421963123],[-0.001835354442424,-0.0015894094766],[-0.001798063351223,-0.001511344194842],[-0.001661746748272,-0.00154809962693],[-0.001687776236109,-0.001630421963123]]]]}},
{"type":"Feature","properties":{"house_id":67,"lot_number":22,"block_num":15,"name":null,"status":null,"email":null,"contact_no":null},"geometry":{"type":"MultiPolygon","coordinates":[[[[-0.001615839222571,-0.001650413504367],[-0.001687776236109,-0.001630421963123],[-0.001661746748272,-0.00154809962693],[-0.001592951197086,-0.00156664916642],[-0.001615839222571,-0.001650413504367]]]]}},
{"type":"Feature","properties":{"house_id":68,"lot_number":19,"block_num":15,"name":null,"status":null,"email":null,"contact_no":null},"geometry":{"type":"MultiPolygon","coordinates":[[[[-0.001547344231727,-0.001669448495772],[-0.001615839222571,-0.001650413504367],[-0.001592951197086,-0.00156664916642],[-0.001522492267692,-0.001585647207291],[-0.001547344231727,-0.001669448495772]]]]}},
{"type":"Feature","properties":{"house_id":69,"lot_number":18,"block_num":15,"name":null,"status":null,"email":null,"contact_no":null},"geometry":{"type":"MultiPolygon","coordinates":[[[[-0.00147846820677,-0.001688589377856],[-0.001547344231727,-0.001669448495772],[-0.001522492267692,-0.001585647207291],[-0.001453406943473,-0.001604274879105],[-0.00147846820677,-0.001688589377856]]]]}},
{"type":"Feature","properties":{"house_id":70,"lot_number":1,"block_num":3,"name":null,"status":null,"email":null,"contact_no":null},"geometry":{"type":"MultiPolygon","coordinates":[[[[-0.000099722454232,-0.001919559602207],[-0.000167150877161,-0.00190118326041],[-0.000143300874517,-0.001814827511684],[-0.000070215849851,-0.001835090761276],[-0.000099722454232,-0.001919559602207]]]]}},
{"type":"Feature","properties":{"house_id":71,"lot_number":2,"block_num":3,"name":null,"status":null,"email":null,"contact_no":null},"geometry":{"type":"MultiPolygon","coordinates":[[[[-0.000070215849851,-0.001835090761276],[-0.000143300874517,-0.001814827511684],[-0.000118220993155,-0.001724102288456],[-0.000039265758758,-0.001745866339902],[-0.000070215849851,-0.001835090761276]]]]}},
{"type":"Feature","properties":{"house_id":72,"lot_number":4,"block_num":3,"name":null,"status":null,"email":null,"contact_no":null},"geometry":{"type":"MultiPolygon","coordinates":[[[[-0.000167150877161,-0.00190118326041],[-0.000236812888379,-0.001882198196355],[-0.000213734568441,-0.001795271044131],[-0.000143300874517,-0.001814827511684],[-0.000167150877161,-0.00190118326041]]]]}},
{"type":"Feature","properties":{"house_id":73,"lot_number":3,"block_num":3,"name":null,"status":null,"email":null,"contact_no":null},"geometry":{"type":"MultiPolygon","coordinates":[[[[-0.000143300874517,-0.001814827511684],[-0.000213734568441,-0.001795271044131],[-0.000189620835776,-0.001704443890512],[-0.000118220993155,-0.001724102288456],[-0.000143300874517,-0.001814827511684]]]]}},
{"type":"Feature","properties":{"house_id":74,"lot_number":5,"block_num":3,"name":null,"status":null,"email":null,"contact_no":null},"geometry":{"type":"MultiPolygon","coordinates":[[[[-0.000236812888379,-0.001882198196355],[-0.000307672192802,-0.001862886832674],[-0.000283093903317,-0.001776069078656],[-0.000213734568441,-0.001795271044131],[-0.000236812888379,-0.001882198196355]]]]}},
{"type":"Feature","properties":{"house_id":75,"lot_number":6,"block_num":3,"name":null,"status":null,"email":null,"contact_no":null},"geometry":{"type":"MultiPolygon","coordinates":[[[[-0.000213734568441,-0.001795271044131],[-0.000283093903317,-0.001776069078656],[-0.000257553125128,-0.001685728713921],[-0.000189620835776,-0.001704443890512],[-0.000213734568441,-0.001795271044131]]]]}},
{"type":"Feature","properties":{"house_id":76,"lot_number":8,"block_num":3,"name":null,"status":null,"email":null,"contact_no":null},"geometry":{"type":"MultiPolygon","coordinates":[[[[-0.000307672192802,-0.001862886832674],[-0.000376338685982,-0.001844173078238],[-0.000351429021824,-0.001757122768265],[-0.000283093903317,-0.001776069078656],[-0.000307672192802,-0.001862886832674]]]]}},
{"type":"Feature","properties":{"house_id":77,"lot_number":7,"block_num":3,"name":null,"status":null,"email":null,"contact_no":null},"geometry":{"type":"MultiPolygon","coordinates":[[[[-0.000283093903317,-0.001776069078656],[-0.000351429021824,-0.001757122768265],[-0.000325594576861,-0.001666983463366],[-0.000257553125128,-0.001685728713921],[-0.000283093903317,-0.001776069078656]]]]}},
{"type":"Feature","properties":{"house_id":78,"lot_number":9,"block_num":3,"name":null,"status":null,"email":null,"contact_no":null},"geometry":{"type":"MultiPolygon","coordinates":[[[[-0.000376338685982,-0.001844173078238],[-0.000444810038892,-0.001825512505593],[-0.000421249315117,-0.001737764684497],[-0.000351429021824,-0.001757122768265],[-0.000376338685982,-0.001844173078238]]]]}},
{"type":"Feature","properties":{"house_id":79,"lot_number":10,"block_num":3,"name":null,"status":null,"email":null,"contact_no":null},"geometry":{"type":"MultiPolygon","coordinates":[[[[-0.000351429021824,-0.001757122768265],[-0.000421249315117,-0.001737764684497],[-0.000396983968935,-0.001647315863582],[-0.000325594576861,-0.001666983463366],[-0.000351429021824,-0.001757122768265]]]]}},
{"type":"Feature","properties":{"house_id":80,"lot_number":12,"block_num":3,"name":null,"status":null,"email":null,"contact_no":null},"geometry":{"type":"MultiPolygon","coordinates":[[[[-0.000444810038892,-0.001825512505593],[-0.000515265880985,-0.001806311097941],[-0.000491510426275,-0.001718284381404],[-0.000421249315117,-0.001737764684497],[-0.000444810038892,-0.001825512505593]]]]}},
{"type":"Feature","properties":{"house_id":81,"lot_number":11,"block_num":3,"name":null,"status":null,"email":null,"contact_no":null},"geometry":{"type":"MultiPolygon","coordinates":[[[[-0.000421249315117,-0.001737764684497],[-0.000491510426275,-0.001718284381404],[-0.000466963757564,-0.001628036606038],[-0.000396983968935,-0.001647315863582],[-0.000421249315117,-0.001737764684497]]]]}},
{"type":"Feature","properties":{"house_id":82,"lot_number":13,"block_num":3,"name":null,"status":null,"email":null,"contact_no":null},"geometry":{"type":"MultiPolygon","coordinates":[[[[-0.000515265880985,-0.001806311097941],[-0.00058534488835,-0.00178721238947],[-0.000560651614115,-0.001699114583586],[-0.000491510426275,-0.001718284381404],[-0.000515265880985,-0.001806311097941]]]]}},
{"type":"Feature","properties":{"house_id":83,"lot_number":16,"block_num":3,"name":null,"status":null,"email":null,"contact_no":null},"geometry":{"type":"MultiPolygon","coordinates":[[[[-0.00058534488835,-0.00178721238947],[-0.000653903815043,-0.001768527950245],[-0.000630302141978,-0.001680072987521],[-0.000560651614115,-0.001699114583586],[-0.00058534488835,-0.00178721238947]]]]}},
{"type":"Feature","properties":{"house_id":84,"lot_number":17,"block_num":3,"name":null,"status":null,"email":null,"contact_no":null},"geometry":{"type":"MultiPolygon","coordinates":[[[[-0.000653903815043,-0.001768527950245],[-0.000725886865558,-0.001748805952807],[-0.000699807659805,-0.00166053275784],[-0.000630302141978,-0.001680072987521],[-0.000653903815043,-0.001768527950245]]]]}},
{"type":"Feature","properties":{"house_id":85,"lot_number":20,"block_num":3,"name":null,"status":null,"email":null,"contact_no":null},"geometry":{"type":"MultiPolygon","coordinates":[[[[-0.000725886865558,-0.001748805952807],[-0.000808914700871,-0.001726282664107],[-0.000777749264009,-0.001638979902721],[-0.000699807659805,-0.00166053275784],[-0.000725886865558,-0.001748805952807]]]]}},
{"type":"Feature","properties":{"house_id":86,"lot_number":19,"block_num":3,"name":null,"status":null,"email":null,"contact_no":null},"geometry":{"type":"MultiPolygon","coordinates":[[[[-0.000699807659805,-0.00166053275784],[-0.000777749264009,-0.001638979902721],[-0.00074608959539,-0.001551138132631],[-0.000673758772163,-0.001570968010596],[-0.000699807659805,-0.00166053275784]]]]}},
{"type":"Feature","properties":{"house_id":87,"lot_number":18,"block_num":3,"name":null,"status":null,"email":null,"contact_no":null},"geometry":{"type":"MultiPolygon","coordinates":[[[[-0.000630302141978,-0.001680072987521],[-0.000699807659805,-0.00166053275784],[-0.000673758772163,-0.001570968010596],[-0.000606183847552,-0.00158968181785],[-0.000630302141978,-0.001680072987521]]]]}},
{"type":"Feature","properties":{"house_id":88,"lot_number":15,"block_num":3,"name":null,"status":null,"email":null,"contact_no":null},"geometry":{"type":"MultiPolygon","coordinates":[[[[-0.000560651614115,-0.001699114583586],[-0.000630302141978,-0.001680072987521],[-0.000606183847552,-0.00158968181785],[-0.000534952212692,-0.001609305955915],[-0.000560651614115,-0.001699114583586]]]]}},
{"type":"Feature","properties":{"house_id":89,"lot_number":14,"block_num":3,"name":null,"status":null,"email":null,"contact_no":null},"geometry":{"type":"MultiPolygon","coordinates":[[[[-0.000491510426275,-0.001718284381404],[-0.000560651614115,-0.001699114583586],[-0.000534952212692,-0.001609305955915],[-0.000466963757564,-0.001628036606038],[-0.000491510426275,-0.001718284381404]]]]}},
{"type":"Feature","properties":{"house_id":90,"lot_number":1,"block_num":4,"name":null,"status":null,"email":null,"contact_no":null},"geometry":{"type":"MultiPolygon","coordinates":[[[[-0.000021285279212,-0.001694912971568],[-0.000088243195762,-0.001676466232259],[-0.000063301120888,-0.001587933431168],[0.000009976240652,-0.00160851139988],[-0.000021285279212,-0.001694912971568]]]]}},
{"type":"Feature","properties":{"house_id":91,"lot_number":2,"block_num":4,"name":null,"status":null,"email":null,"contact_no":null},"geometry":{"type":"MultiPolygon","coordinates":[[[[0.000009976240652,-0.00160851139988],[-0.000063301120888,-0.001587933431168],[-0.000039096698514,-0.001502018954423],[0.000039783617504,-0.001524540369365],[0.000009976240652,-0.00160851139988]]]]}},
{"type":"Feature","properties":{"house_id":92,"lot_number":4,"block_num":4,"name":null,"status":null,"email":null,"contact_no":null},"geometry":{"type":"MultiPolygon","coordinates":[[[[-0.000088243195762,-0.001676466232259],[-0.000156528147703,-0.001657653898002],[-0.000132456094532,-0.001568554951681],[-0.000063301120888,-0.001587933431168],[-0.000088243195762,-0.001676466232259]]]]}},
{"type":"Feature","properties":{"house_id":93,"lot_number":3,"block_num":4,"name":null,"status":null,"email":null,"contact_no":null},"geometry":{"type":"MultiPolygon","coordinates":[[[[-0.000063301120888,-0.001587933431168],[-0.000132456094532,-0.001568554951681],[-0.000109081447726,-0.001482037346131],[-0.000039096698514,-0.001502018954423],[-0.000063301120888,-0.001587933431168]]]]}},
{"type":"Feature","properties":{"house_id":94,"lot_number":5,"block_num":4,"name":null,"status":null,"email":null,"contact_no":null},"geometry":{"type":"MultiPolygon","coordinates":[[[[-0.000156528147703,-0.001657653898002],[-0.000226249071011,-0.001638445957209],[-0.000201952791409,-0.001549110857028],[-0.000132456094532,-0.001568554951681],[-0.000156528147703,-0.001657653898002]]]]}},
{"type":"Feature","properties":{"house_id":95,"lot_number":6,"block_num":4,"name":null,"status":null,"email":null,"contact_no":null},"geometry":{"type":"MultiPolygon","coordinates":[[[[-0.000132456094532,-0.001568554951681],[-0.000201952791409,-0.001549110857028],[-0.000178333488669,-0.001462264936126],[-0.000109081447726,-0.001482037346131],[-0.000132456094532,-0.001568554951681]]]]}},
{"type":"Feature","properties":{"house_id":96,"lot_number":8,"block_num":4,"name":null,"status":null,"email":null,"contact_no":null},"geometry":{"type":"MultiPolygon","coordinates":[[[[-0.000226249071011,-0.001638445957209],[-0.000295099206072,-0.001619477916411],[-0.00027075946958,-0.001529694361414],[-0.000201952791409,-0.001549110857028],[-0.000226249071011,-0.001638445957209]]]]}},
{"type":"Feature","properties":{"house_id":97,"lot_number":7,"block_num":4,"name":null,"status":null,"email":null,"contact_no":null},"geometry":{"type":"MultiPolygon","coordinates":[[[[-0.000201952791409,-0.001549110857028],[-0.00027075946958,-0.001529694361414],[-0.000247153091572,-0.001442615993127],[-0.000178333488669,-0.001462264936126],[-0.000201952791409,-0.001549110857028]]]]}},
{"type":"Feature","properties":{"house_id":98,"lot_number":9,"block_num":4,"name":null,"status":null,"email":null,"contact_no":null},"geometry":{"type":"MultiPolygon","coordinates":[[[[-0.000295099206072,-0.001619477916411],[-0.000365312549372,-0.001600134315135],[-0.000340645289933,-0.00151001369562],[-0.00027075946958,-0.001529694361414],[-0.000295099206072,-0.001619477916411]]]]}},
{"type":"Feature","properties":{"house_id":99,"lot_number":10,"block_num":4,"name":null,"status":null,"email":null,"contact_no":null},"geometry":{"type":"MultiPolygon","coordinates":[[[[-0.00027075946958,-0.001529694361414],[-0.000340645289933,-0.00151001369562],[-0.000316705402745,-0.001422757851841],[-0.000247153091572,-0.001442615993127],[-0.00027075946958,-0.001529694361414]]]]}},
{"type":"Feature","properties":{"house_id":100,"lot_number":12,"block_num":4,"name":null,"status":null,"email":null,"contact_no":null},"geometry":{"type":"MultiPolygon","coordinates":[[[[-0.000365312549372,-0.001600134315135],[-0.000433163291822,-0.001581441604512],[-0.00040865683963,-0.001490907676953],[-0.000340645289933,-0.00151001369562],[-0.000365312549372,-0.001600134315135]]]]}},
{"type":"Feature","properties":{"house_id":101,"lot_number":11,"block_num":4,"name":null,"status":null,"email":null,"contact_no":null},"geometry":{"type":"MultiPolygon","coordinates":[[[[-0.000340645289933,-0.00151001369562],[-0.00040865683963,-0.001490907676953],[-0.00038487236944,-0.001403295245454],[-0.000316705402745,-0.001422757851841],[-0.000340645289933,-0.00151001369562]]]]}},
{"type":"Feature","properties":{"house_id":102,"lot_number":13,"block_num":4,"name":null,"status":null,"email":null,"contact_no":null},"geometry":{"type":"MultiPolygon","coordinates":[[[[-0.000433163291822,-0.001581441604512],[-0.000502738688878,-0.001562273755839],[-0.000477878415297,-0.00147146173398],[-0.00040865683963,-0.001490907676953],[-0.000433163291822,-0.001581441604512]]]]}},
{"type":"Feature","properties":{"house_id":103,"lot_number":14,"block_num":4,"name":null,"status":null,"email":null,"contact_no":null},"geometry":{"type":"MultiPolygon","coordinates":[[[[-0.00040865683963,-0.001490907676953],[-0.000477878415297,-0.00147146173398],[-0.000453752026389,-0.001383629156199],[-0.00038487236944,-0.001403295245454],[-0.00040865683963,-0.001490907676953]]]]}},
{"type":"Feature","properties":{"house_id":104,"lot_number":16,"block_num":4,"name":null,"status":null,"email":null,"contact_no":null},"geometry":{"type":"MultiPolygon","coordinates":[[[[-0.000502738688878,-0.001562273755839],[-0.000572893821678,-0.001542946191411],[-0.000547368102079,-0.001451940472389],[-0.000477878415297,-0.00147146173398],[-0.000502738688878,-0.001562273755839]]]]}},
{"type":"Feature","properties":{"house_id":105,"lot_number":17,"block_num":4,"name":null,"status":null,"email":null,"contact_no":null},"geometry":{"type":"MultiPolygon","coordinates":[[[[-0.000572893821678,-0.001542946191411],[-0.000641845825115,-0.001523950086128],[-0.000616137660112,-0.001432621511633],[-0.000547368102079,-0.001451940472389],[-0.000572893821678,-0.001542946191411]]]]}},
{"type":"Feature","properties":{"house_id":106,"lot_number":20,"block_num":4,"name":null,"status":null,"email":null,"contact_no":null},"geometry":{"type":"MultiPolygon","coordinates":[[[[-0.000641845825115,-0.001523950086128],[-0.000727563102812,-0.001500335189524],[-0.000694537642469,-0.001410597141756],[-0.000616137660112,-0.001432621511633],[-0.000641845825115,-0.001523950086128]]]]}},
{"type":"Feature","properties":{"house_id":107,"lot_number":19,"block_num":4,"name":null,"status":null,"email":null,"contact_no":null},"geometry":{"type":"MultiPolygon","coordinates":[[[[-0.000662661687851,-0.001323982575037],[-0.000591331178149,-0.001344348416456],[-0.000616137660112,-0.001432621511633],[-0.000694537642469,-0.001410597141756],[-0.000662661687851,-0.001323982575037]]]]}},
{"type":"Feature","properties":{"house_id":108,"lot_number":15,"block_num":4,"name":null,"status":null,"email":null,"contact_no":null},"geometry":{"type":"MultiPolygon","coordinates":[[[[-0.000477878415297,-0.00147146173398],[-0.000547368102079,-0.001451940472389],[-0.000522571629292,-0.0013639802132],[-0.000453752026389,-0.001383629156199],[-0.000477878415297,-0.00147146173398]]]]}},
{"type":"Feature","properties":{"house_id":109,"lot_number":18,"block_num":4,"name":null,"status":null,"email":null,"contact_no":null},"geometry":{"type":"MultiPolygon","coordinates":[[[[-0.000547368102079,-0.001451940472389],[-0.000616137660112,-0.001432621511633],[-0.000591331178149,-0.001344348416456],[-0.000522571629292,-0.0013639802132],[-0.000547368102079,-0.001451940472389]]]]}},
{"type":"Feature","properties":{"house_id":110,"lot_number":1,"block_num":5,"name":null,"status":null,"email":null,"contact_no":null},"geometry":{"type":"MultiPolygon","coordinates":[[[[0.000057932192209,-0.001473669285553],[-0.000009101105267,-0.001454530357318],[0.00001617574074,-0.001363012807062],[0.00001626290982,-0.001362697201996],[0.000090036554326,-0.00138319335598],[0.000057932192209,-0.001473669285553]]]]}},
{"type":"Feature","properties":{"house_id":111,"lot_number":4,"block_num":5,"name":null,"status":null,"email":null,"contact_no":null},"geometry":{"type":"MultiPolygon","coordinates":[[[[-0.000009101105267,-0.001454530357318],[-0.000076748793958,-0.001435216011942],[-0.000052136240224,-0.001343634446387],[0.00001626290982,-0.001362697201996],[0.00001617574074,-0.001363012807062],[-0.000009101105267,-0.001454530357318]]]]}},
{"type":"Feature","properties":{"house_id":112,"lot_number":5,"block_num":5,"name":null,"status":null,"email":null,"contact_no":null},"geometry":{"type":"MultiPolygon","coordinates":[[[[-0.000076748793958,-0.001435216011942],[-0.000147917966087,-0.001414896234619],[-0.000122556818246,-0.00132404434599],[-0.000052254664469,-0.001343604235114],[-0.000052136240224,-0.001343634446387],[-0.000076748793958,-0.001435216011942]]]]}},
{"type":"Feature","properties":{"house_id":113,"lot_number":8,"block_num":5,"name":null,"status":null,"email":null,"contact_no":null},"geometry":{"type":"MultiPolygon","coordinates":[[[[-0.000147917966087,-0.001414896234619],[-0.000215263136171,-0.001395668262465],[-0.000190514653411,-0.001305168196971],[-0.000190506393908,-0.001305137993683],[-0.000122588770571,-0.001324035456021],[-0.000122556818246,-0.00132404434599],[-0.000147917966087,-0.001414896234619]]]]}},
{"type":"Feature","properties":{"house_id":114,"lot_number":9,"block_num":5,"name":null,"status":null,"email":null,"contact_no":null},"geometry":{"type":"MultiPolygon","coordinates":[[[[-0.000215263136171,-0.001395668262465],[-0.000284775363697,-0.001375821565612],[-0.000260086952333,-0.001285779882818],[-0.000190506393908,-0.001305137993683],[-0.000190514653411,-0.001305168196971],[-0.000215263136171,-0.001395668262465]]]]}},
{"type":"Feature","properties":{"house_id":115,"lot_number":12,"block_num":5,"name":null,"status":null,"email":null,"contact_no":null},"geometry":{"type":"MultiPolygon","coordinates":[[[[-0.000284775363697,-0.001375821565612],[-0.000352735456434,-0.001356418024584],[-0.000328487408603,-0.00126674909544],[-0.000260086952333,-0.001285779882818],[-0.000284775363697,-0.001375821565612]]]]}},
{"type":"Feature","properties":{"house_id":116,"lot_number":13,"block_num":5,"name":null,"status":null,"email":null,"contact_no":null},"geometry":{"type":"MultiPolygon","coordinates":[[[[-0.000352735456434,-0.001356418024584],[-0.000422500775368,-0.001336499066653],[-0.000398263190341,-0.0012475631524],[-0.000398204529738,-0.001247347906763],[-0.000328755176743,-0.001266674595374],[-0.000328487408603,-0.00126674909544],[-0.000352735456434,-0.001356418024584]]]]}},
{"type":"Feature","properties":{"house_id":117,"lot_number":16,"block_num":5,"name":null,"status":null,"email":null,"contact_no":null},"geometry":{"type":"MultiPolygon","coordinates":[[[[-0.000422500775368,-0.001336499066653],[-0.000491328882164,-0.001316847695675],[-0.000467132060723,-0.001228176136092],[-0.000398204529738,-0.001247347906763],[-0.000398263190341,-0.0012475631524],[-0.000422500775368,-0.001336499066653]]]]}},
{"type":"Feature","properties":{"house_id":118,"lot_number":17,"block_num":5,"name":null,"status":null,"email":null,"contact_no":null},"geometry":{"type":"MultiPolygon","coordinates":[[[[-0.000491328882164,-0.001316847695675],[-0.000561962215159,-0.001296680907792],[-0.000536585821237,-0.001208850700304],[-0.000467132060723,-0.001228176136092],[-0.000491328882164,-0.001316847695675]]]]}},
{"type":"Feature","properties":{"house_id":119,"lot_number":20,"block_num":5,"name":null,"status":null,"email":null,"contact_no":null},"geometry":{"type":"MultiPolygon","coordinates":[[[[-0.000561962215159,-0.001296680907792],[-0.000644279216805,-0.001273178271842],[-0.000613662169148,-0.00118740605404],[-0.000536585821237,-0.001208850700304],[-0.000561962215159,-0.001296680907792]]]]}},
{"type":"Feature","properties":{"house_id":120,"lot_number":19,"block_num":5,"name":null,"status":null,"email":null,"contact_no":null},"geometry":{"type":"MultiPolygon","coordinates":[[[[-0.000536585821237,-0.001208850700304],[-0.000613662169148,-0.00118740605404],[-0.000582139445332,-0.001099096627112],[-0.000510834323456,-0.00111945197343],[-0.000536585821237,-0.001208850700304]]]]}},
{"type":"Feature","properties":{"house_id":121,"lot_number":18,"block_num":5,"name":null,"status":null,"email":null,"contact_no":null},"geometry":{"type":"MultiPolygon","coordinates":[[[[-0.000467132060723,-0.001228176136092],[-0.000536585821237,-0.001208850700304],[-0.000510834323456,-0.00111945197343],[-0.000442824037466,-0.001138866748808],[-0.000467132060723,-0.001228176136092]]]]}},
{"type":"Feature","properties":{"house_id":122,"lot_number":15,"block_num":5,"name":null,"status":null,"email":null,"contact_no":null},"geometry":{"type":"MultiPolygon","coordinates":[[[[-0.000398263190341,-0.0012475631524],[-0.000467132060723,-0.001228176136092],[-0.000442824037466,-0.001138866748808],[-0.00037399507961,-0.001158515228987],[-0.000398204529738,-0.001247347906763],[-0.000398263190341,-0.0012475631524]]]]}},
{"type":"Feature","properties":{"house_id":123,"lot_number":14,"block_num":5,"name":null,"status":null,"email":null,"contact_no":null},"geometry":{"type":"MultiPolygon","coordinates":[[[[-0.000328487408603,-0.00126674909544],[-0.000328755176743,-0.001266674595374],[-0.000398204529738,-0.001247347906763],[-0.00037399507961,-0.001158515228987],[-0.000304561101077,-0.001178336423343],[-0.000328487408603,-0.00126674909544]]]]}},
{"type":"Feature","properties":{"house_id":124,"lot_number":11,"block_num":5,"name":null,"status":null,"email":null,"contact_no":null},"geometry":{"type":"MultiPolygon","coordinates":[[[[-0.000260086952333,-0.001285779882818],[-0.000328755176743,-0.001266674595374],[-0.000304561101077,-0.001178336423343],[-0.00023602478032,-0.001197901364929],[-0.000260086952333,-0.001285779882818]]]]}},
{"type":"Feature","properties":{"house_id":125,"lot_number":2,"block_num":5,"name":null,"status":null,"email":null,"contact_no":null},"geometry":{"type":"MultiPolygon","coordinates":[[[[0.000090036554326,-0.00138319335598],[0.00001626290982,-0.001362697201996],[0.000040014550648,-0.001276701821772],[0.000119747327331,-0.001299462995717],[0.000090036554326,-0.00138319335598]]]]}},
{"type":"Feature","properties":{"house_id":126,"lot_number":3,"block_num":5,"name":null,"status":null,"email":null,"contact_no":null},"geometry":{"type":"MultiPolygon","coordinates":[[[[0.00001617574074,-0.001363012807062],[-0.000052136240224,-0.001343634446387],[-0.000052254664469,-0.001343604235114],[-0.000028863773402,-0.001257039249114],[0.000040014550648,-0.001276701821772],[0.00001617574074,-0.001363012807062]]]]}},
{"type":"Feature","properties":{"house_id":127,"lot_number":6,"block_num":5,"name":null,"status":null,"email":null,"contact_no":null},"geometry":{"type":"MultiPolygon","coordinates":[[[[-0.000052136240224,-0.001343634446387],[-0.000122556818246,-0.00132404434599],[-0.000122588770571,-0.001324035456021],[-0.000098317498413,-0.001237212417767],[-0.000028863773402,-0.001257039249114],[-0.000052136240224,-0.001343634446387]]]]}},
{"type":"Feature","properties":{"house_id":128,"lot_number":7,"block_num":5,"name":null,"status":null,"email":null,"contact_no":null},"geometry":{"type":"MultiPolygon","coordinates":[[[[-0.000122556818246,-0.00132404434599],[-0.000190506393908,-0.001305137993683],[-0.000166600675025,-0.001217719740789],[-0.000098317498413,-0.001237212417767],[-0.000122556818246,-0.00132404434599]]]]}},
{"type":"Feature","properties":{"house_id":129,"lot_number":10,"block_num":5,"name":null,"status":null,"email":null,"contact_no":null},"geometry":{"type":"MultiPolygon","coordinates":[[[[-0.000190514653411,-0.001305168196971],[-0.000260086952333,-0.001285779882818],[-0.00023602478032,-0.001197901364929],[-0.000166600675025,-0.001217719740789],[-0.000190514653411,-0.001305168196971]]]]}},
{"type":"Feature","properties":{"house_id":130,"lot_number":1,"block_num":6,"name":null,"status":null,"email":null,"contact_no":null},"geometry":{"type":"MultiPolygon","coordinates":[[[[0.000137640134013,-0.001248518745635],[0.000070195914287,-0.001229265564188],[0.000095100533875,-0.001138568276875],[0.000168756829683,-0.001158886312639],[0.000137640134013,-0.001248518745635]]]]}},
{"type":"Feature","properties":{"house_id":131,"lot_number":4,"block_num":6,"name":null,"status":null,"email":null,"contact_no":null},"geometry":{"type":"MultiPolygon","coordinates":[[[[0.000070195914287,-0.001229265564188],[-0.00000007401972,-0.00120920573111],[0.000025085355111,-0.001119171570904],[0.000095100533875,-0.001138568276875],[0.000070195914287,-0.001229265564188]]]]}},
{"type":"Feature","properties":{"house_id":132,"lot_number":5,"block_num":6,"name":null,"status":null,"email":null,"contact_no":null},"geometry":{"type":"MultiPolygon","coordinates":[[[[-0.00000007401972,-0.00120920573111],[-0.000069030352206,-0.001189520889522],[-0.000043561961256,-0.001100197620517],[0.000025085355111,-0.001119171570904],[-0.00000007401972,-0.00120920573111]]]]}},
{"type":"Feature","properties":{"house_id":133,"lot_number":8,"block_num":6,"name":null,"status":null,"email":null,"contact_no":null},"geometry":{"type":"MultiPolygon","coordinates":[[[[-0.000069030352206,-0.001189520889522],[-0.000137339371578,-0.001170020835257],[-0.000112691385507,-0.001081086295542],[-0.000043561961256,-0.001100197620517],[-0.000069030352206,-0.001189520889522]]]]}},
{"type":"Feature","properties":{"house_id":134,"lot_number":9,"block_num":6,"name":null,"status":null,"email":null,"contact_no":null},"geometry":{"type":"MultiPolygon","coordinates":[[[[-0.000137339371578,-0.001170020835257],[-0.000209610918785,-0.001149389605219],[-0.000183541184766,-0.001061504178369],[-0.000112691385507,-0.001081086295542],[-0.000137339371578,-0.001170020835257]]]]}},
{"type":"Feature","properties":{"house_id":135,"lot_number":12,"block_num":6,"name":null,"status":null,"email":null,"contact_no":null},"geometry":{"type":"MultiPolygon","coordinates":[[[[-0.000209610918785,-0.001149389605219],[-0.000276093458063,-0.001130410952978],[-0.000250765605848,-0.001042918783832],[-0.000183541184766,-0.001061504178369],[-0.000209610918785,-0.001149389605219]]]]}},
{"type":"Feature","properties":{"house_id":136,"lot_number":13,"block_num":6,"name":null,"status":null,"email":null,"contact_no":null},"geometry":{"type":"MultiPolygon","coordinates":[[[[-0.000276093458063,-0.001130410952978],[-0.00034524503943,-0.001110670374039],[-0.000320214039416,-0.001023721581961],[-0.000250765605848,-0.001042918783832],[-0.000276093458063,-0.001130410952978]]]]}},
{"type":"Feature","properties":{"house_id":137,"lot_number":16,"block_num":6,"name":null,"status":null,"email":null,"contact_no":null},"geometry":{"type":"MultiPolygon","coordinates":[[[[-0.00034524503943,-0.001110670374039],[-0.000414580671308,-0.001090877254527],[-0.000389709227775,-0.001004510955206],[-0.000320214039416,-0.001023721581961],[-0.00034524503943,-0.001110670374039]]]]}},
{"type":"Feature","properties":{"house_id":138,"lot_number":17,"block_num":6,"name":null,"status":null,"email":null,"contact_no":null},"geometry":{"type":"MultiPolygon","coordinates":[[[[-0.000414580671308,-0.001090877254527],[-0.000482806867949,-0.001071400843519],[-0.000457580349115,-0.00098574951308],[-0.000389709227775,-0.001004510955206],[-0.000414580671308,-0.001090877254527]]]]}},
{"type":"Feature","properties":{"house_id":139,"lot_number":20,"block_num":6,"name":null,"status":null,"email":null,"contact_no":null},"geometry":{"type":"MultiPolygon","coordinates":[[[[-0.000482806867949,-0.001071400843519],[-0.00056398396956,-0.001048227360704],[-0.000534136129554,-0.00096458739264],[-0.000457580349115,-0.00098574951308],[-0.000482806867949,-0.001071400843519]]]]}},
{"type":"Feature","properties":{"house_id":140,"lot_number":2,"block_num":6,"name":null,"status":null,"email":null,"contact_no":null},"geometry":{"type":"MultiPolygon","coordinates":[[[[0.000168756829683,-0.001158886312639],[0.000095100533875,-0.001138568276875],[0.000119806105158,-0.001048595880827],[0.000199305933835,-0.001070888841438],[0.000168756829683,-0.001158886312639]]]]}},
{"type":"Feature","properties":{"house_id":141,"lot_number":3,"block_num":6,"name":null,"status":null,"email":null,"contact_no":null},"geometry":{"type":"MultiPolygon","coordinates":[[[[0.000095100533875,-0.001138568276875],[0.000025085355111,-0.001119171570904],[0.000050235302097,-0.001029087169951],[0.000119806105158,-0.001048595880827],[0.000095100533875,-0.001138568276875]]]]}},
{"type":"Feature","properties":{"house_id":142,"lot_number":6,"block_num":6,"name":null,"status":null,"email":null,"contact_no":null},"geometry":{"type":"MultiPolygon","coordinates":[[[[0.000025085355111,-0.001119171570904],[-0.000043561961256,-0.001100197620517],[-0.00001784337831,-0.001009996872952],[0.000050235302097,-0.001029087169951],[0.000025085355111,-0.001119171570904]]]]}},
{"type":"Feature","properties":{"house_id":143,"lot_number":7,"block_num":6,"name":null,"status":null,"email":null,"contact_no":null},"geometry":{"type":"MultiPolygon","coordinates":[[[[-0.000043561961256,-0.001100197620517],[-0.000112691385507,-0.001081086295542],[-0.000087570345706,-0.000990444371222],[-0.00001784337831,-0.001009996872952],[-0.000043561961256,-0.001100197620517]]]]}},
{"type":"Feature","properties":{"house_id":144,"lot_number":10,"block_num":6,"name":null,"status":null,"email":null,"contact_no":null},"geometry":{"type":"MultiPolygon","coordinates":[[[[-0.000112691385507,-0.001081086295542],[-0.000183541184766,-0.001061504178369],[-0.000156711310973,-0.000971056193398],[-0.000087570345706,-0.000990444371222],[-0.000112691385507,-0.001081086295542]]]]}},
{"type":"Feature","properties":{"house_id":145,"lot_number":11,"block_num":6,"name":null,"status":null,"email":null,"contact_no":null},"geometry":{"type":"MultiPolygon","coordinates":[[[[-0.000183541184766,-0.001061504178369],[-0.000250765605848,-0.001042918783832],[-0.000224462670898,-0.000952057682038],[-0.000156711310973,-0.000971056193398],[-0.000183541184766,-0.001061504178369]]]]}},
{"type":"Feature","properties":{"house_id":146,"lot_number":14,"block_num":6,"name":null,"status":null,"email":null,"contact_no":null},"geometry":{"type":"MultiPolygon","coordinates":[[[[-0.000250765605848,-0.001042918783832],[-0.000320214039416,-0.001023721581961],[-0.000293972037214,-0.000932566198959],[-0.000224462670898,-0.000952057682038],[-0.000250765605848,-0.001042918783832]]]]}},
{"type":"Feature","properties":{"house_id":147,"lot_number":15,"block_num":6,"name":null,"status":null,"email":null,"contact_no":null},"geometry":{"type":"MultiPolygon","coordinates":[[[[-0.000320214039416,-0.001023721581961],[-0.000389709227775,-0.001004510955206],[-0.000363386161444,-0.000913101423209],[-0.000293972037214,-0.000932566198959],[-0.000320214039416,-0.001023721581961]]]]}},
{"type":"Feature","properties":{"house_id":148,"lot_number":18,"block_num":6,"name":null,"status":null,"email":null,"contact_no":null},"geometry":{"type":"MultiPolygon","coordinates":[[[[-0.000389709227775,-0.001004510955206],[-0.000457580349115,-0.00098574951308],[-0.000430630887643,-0.000894244979648],[-0.000363386161444,-0.000913101423209],[-0.000389709227775,-0.001004510955206]]]]}},
{"type":"Feature","properties":{"house_id":149,"lot_number":19,"block_num":6,"name":null,"status":null,"email":null,"contact_no":null},"geometry":{"type":"MultiPolygon","coordinates":[[[[-0.000457580349115,-0.00098574951308],[-0.000534136129554,-0.00096458739264],[-0.000501901656215,-0.000874259572597],[-0.000430630887643,-0.000894244979648],[-0.000457580349115,-0.00098574951308]]]]}},
{"type":"Feature","properties":{"house_id":150,"lot_number":1,"block_num":7,"name":null,"status":null,"email":null,"contact_no":null},"geometry":{"type":"MultiPolygon","coordinates":[[[[0.000217178137893,-0.001019922550087],[0.000150062507063,-0.001001102306831],[0.000175170715372,-0.000913156313301],[0.000248160052164,-0.00093332836649],[0.000217178137893,-0.001019922550087]]]]}},
{"type":"Feature","properties":{"house_id":151,"lot_number":4,"block_num":7,"name":null,"status":null,"email":null,"contact_no":null},"geometry":{"type":"MultiPolygon","coordinates":[[[[0.000150062507063,-0.001001102306831],[0.000081562440197,-0.000981893846662],[0.000106070773217,-0.000894060827057],[0.000175170715372,-0.000913156313301],[0.000150062507063,-0.001001102306831]]]]}},
{"type":"Feature","properties":{"house_id":152,"lot_number":5,"block_num":7,"name":null,"status":null,"email":null,"contact_no":null},"geometry":{"type":"MultiPolygon","coordinates":[[[[0.000081562440197,-0.000981893846662],[0.000011549085769,-0.000962261037655],[0.000036016015884,-0.000874688982692],[0.000106070773217,-0.000894060827057],[0.000081562440197,-0.000981893846662]]]]}},
{"type":"Feature","properties":{"house_id":153,"lot_number":8,"block_num":7,"name":null,"status":null,"email":null,"contact_no":null},"geometry":{"type":"MultiPolygon","coordinates":[[[[0.000011549085769,-0.000962261037655],[-0.000057936322908,-0.000942776272662],[-0.000033549950951,-0.000855465912574],[0.000036016015884,-0.000874688982692],[0.000011549085769,-0.000962261037655]]]]}},
{"type":"Feature","properties":{"house_id":154,"lot_number":9,"block_num":7,"name":null,"status":null,"email":null,"contact_no":null},"geometry":{"type":"MultiPolygon","coordinates":[[[[-0.000057936322908,-0.000942776272662],[-0.000126992555402,-0.000923411855195],[-0.000102198904313,-0.00083649874967],[-0.000033549950951,-0.000855465912574],[-0.000057936322908,-0.000942776272662]]]]}},
{"type":"Feature","properties":{"house_id":155,"lot_number":12,"block_num":7,"name":null,"status":null,"email":null,"contact_no":null},"geometry":{"type":"MultiPolygon","coordinates":[[[[-0.000126992555402,-0.000923411855195],[-0.000195959424953,-0.000904072496457],[-0.000171076444517,-0.000817455172558],[-0.000102198904313,-0.00083649874967],[-0.000126992555402,-0.000923411855195]]]]}},
{"type":"Feature","properties":{"house_id":156,"lot_number":13,"block_num":7,"name":null,"status":null,"email":null,"contact_no":null},"geometry":{"type":"MultiPolygon","coordinates":[[[[-0.000195959424953,-0.000904072496457],[-0.000265344104717,-0.000884615977382],[-0.000240702324828,-0.000798216077172],[-0.000171076444517,-0.000817455172558],[-0.000195959424953,-0.000904072496457]]]]}},
{"type":"Feature","properties":{"house_id":157,"lot_number":16,"block_num":7,"name":null,"status":null,"email":null,"contact_no":null},"geometry":{"type":"MultiPolygon","coordinates":[[[[-0.000265344104717,-0.000884615977382],[-0.000333996636936,-0.00086536476361],[-0.000309989073409,-0.000779098032009],[-0.000240702324828,-0.000798216077172],[-0.000265344104717,-0.000884615977382]]]]}},
{"type":"Feature","properties":{"house_id":158,"lot_number":17,"block_num":7,"name":null,"status":null,"email":null,"contact_no":null},"geometry":{"type":"MultiPolygon","coordinates":[[[[-0.000333996636936,-0.00086536476361],[-0.000403631636967,-0.000845838050927],[-0.000379199498754,-0.000759931877059],[-0.000309989073409,-0.000779098032009],[-0.000333996636936,-0.00086536476361]]]]}},
{"type":"Feature","properties":{"house_id":159,"lot_number":20,"block_num":7,"name":null,"status":null,"email":null,"contact_no":null},"geometry":{"type":"MultiPolygon","coordinates":[[[[-0.000403631636967,-0.000845838050927],[-0.000484292982895,-0.000823219383218],[-0.000455971810112,-0.000738712657987],[-0.000379199498754,-0.000759931877059],[-0.000403631636967,-0.000845838050927]]]]}},
{"type":"Feature","properties":{"house_id":160,"lot_number":2,"block_num":7,"name":null,"status":null,"email":null,"contact_no":null},"geometry":{"type":"MultiPolygon","coordinates":[[[[0.000248160052164,-0.00093332836649],[0.000175170715372,-0.000913156313301],[0.000199761681045,-0.000827022054679],[0.000277793197644,-0.000849013747442],[0.000248160052164,-0.00093332836649]]]]}},
{"type":"Feature","properties":{"house_id":161,"lot_number":3,"block_num":7,"name":null,"status":null,"email":null,"contact_no":null},"geometry":{"type":"MultiPolygon","coordinates":[[[[0.000175170715372,-0.000913156313301],[0.000106070773217,-0.000894060827057],[0.000130243725289,-0.000807429746454],[0.000199761681045,-0.000827022054679],[0.000175170715372,-0.000913156313301]]]]}},
{"type":"Feature","properties":{"house_id":162,"lot_number":6,"block_num":7,"name":null,"status":null,"email":null,"contact_no":null},"geometry":{"type":"MultiPolygon","coordinates":[[[[0.000106070773217,-0.000894060827057],[0.000036016015884,-0.000874688982692],[0.000060314059706,-0.000787721405677],[0.000130243725289,-0.000807429746454],[0.000106070773217,-0.000894060827057]]]]}},
{"type":"Feature","properties":{"house_id":163,"lot_number":7,"block_num":7,"name":null,"status":null,"email":null,"contact_no":null},"geometry":{"type":"MultiPolygon","coordinates":[[[[0.000036016015884,-0.000874688982692],[-0.000033549950951,-0.000855465912574],[-0.000009159671187,-0.000768141561385],[0.000060314059706,-0.000787721405677],[0.000036016015884,-0.000874688982692]]]]}},
{"type":"Feature","properties":{"house_id":164,"lot_number":10,"block_num":7,"name":null,"status":null,"email":null,"contact_no":null},"geometry":{"type":"MultiPolygon","coordinates":[[[[-0.000033549950951,-0.000855465912574],[-0.000102198904313,-0.00083649874967],[-0.000077226287018,-0.000748958285601],[-0.000009159671187,-0.000768141561385],[-0.000033549950951,-0.000855465912574]]]]}},
{"type":"Feature","properties":{"house_id":165,"lot_number":11,"block_num":7,"name":null,"status":null,"email":null,"contact_no":null},"geometry":{"type":"MultiPolygon","coordinates":[[[[-0.000102198904313,-0.00083649874967],[-0.000171076444517,-0.000817455172558],[-0.000145841849284,-0.000729620299747],[-0.000077226287018,-0.000748958285601],[-0.000102198904313,-0.00083649874967]]]]}},
{"type":"Feature","properties":{"house_id":166,"lot_number":14,"block_num":7,"name":null,"status":null,"email":null,"contact_no":null},"geometry":{"type":"MultiPolygon","coordinates":[[[[-0.000171076444517,-0.000817455172558],[-0.000240702324828,-0.000798216077172],[-0.00021553635264,-0.000709978234952],[-0.000145841849284,-0.000729620299747],[-0.000171076444517,-0.000817455172558]]]]}},
{"type":"Feature","properties":{"house_id":167,"lot_number":15,"block_num":7,"name":null,"status":null,"email":null,"contact_no":null},"geometry":{"type":"MultiPolygon","coordinates":[[[[-0.000240702324828,-0.000798216077172],[-0.000309989073409,-0.000779098032009],[-0.000285283036077,-0.000690321464198],[-0.00021553635264,-0.000709978234952],[-0.000240702324828,-0.000798216077172]]]]}},
{"type":"Feature","properties":{"house_id":168,"lot_number":18,"block_num":7,"name":null,"status":null,"email":null,"contact_no":null},"geometry":{"type":"MultiPolygon","coordinates":[[[[-0.000309989073409,-0.000779098032009],[-0.000379199498754,-0.000759931877059],[-0.00035390187426,-0.00067098255509],[-0.000285283036077,-0.000690321464198],[-0.000309989073409,-0.000779098032009]]]]}},
{"type":"Feature","properties":{"house_id":169,"lot_number":19,"block_num":7,"name":null,"status":null,"email":null,"contact_no":null},"geometry":{"type":"MultiPolygon","coordinates":[[[[-0.000379199498754,-0.000759931877059],[-0.000455971810112,-0.000738712657987],[-0.000426423318274,-0.000650543771057],[-0.00035390187426,-0.00067098255509],[-0.000379199498754,-0.000759931877059]]]]}},
{"type":"Feature","properties":{"house_id":170,"lot_number":1,"block_num":8,"name":null,"status":null,"email":null,"contact_no":null},"geometry":{"type":"MultiPolygon","coordinates":[[[[0.000295587982815,-0.000798030288217],[0.00023054834738,-0.000779700109051],[0.000255247384146,-0.000688985158655],[0.000326195851218,-0.000708713513813],[0.000295587982815,-0.000798030288217]]]]}},
{"type":"Feature","properties":{"house_id":171,"lot_number":4,"block_num":8,"name":null,"status":null,"email":null,"contact_no":null},"geometry":{"type":"MultiPolygon","coordinates":[[[[0.00023054834738,-0.000779700109051],[0.000159902663654,-0.000759789972234],[0.000184942237402,-0.000669420941465],[0.000255247384146,-0.000688985158655],[0.00023054834738,-0.000779700109051]]]]}},
{"type":"Feature","properties":{"house_id":172,"lot_number":5,"block_num":8,"name":null,"status":null,"email":null,"contact_no":null},"geometry":{"type":"MultiPolygon","coordinates":[[[[0.000159902663654,-0.000759789972234],[0.000091159340669,-0.000740415979462],[0.000115858117685,-0.000650201614702],[0.000184942237402,-0.000669420941465],[0.000159902663654,-0.000759789972234]]]]}},
{"type":"Feature","properties":{"house_id":173,"lot_number":8,"block_num":8,"name":null,"status":null,"email":null,"contact_no":null},"geometry":{"type":"MultiPolygon","coordinates":[[[[0.000091159340669,-0.000740415979462],[0.00002263222813,-0.000721102921475],[0.000046821058332,-0.000631017360433],[0.000115858117685,-0.000650201614702],[0.000091159340669,-0.000740415979462]]]]}},
{"type":"Feature","properties":{"house_id":174,"lot_number":9,"block_num":8,"name":null,"status":null,"email":null,"contact_no":null},"geometry":{"type":"MultiPolygon","coordinates":[[[[0.00002263222813,-0.000721102921475],[-0.000048092077576,-0.000701170626554],[-0.000022919291565,-0.00061161795209],[0.000046821058332,-0.000631017360433],[0.00002263222813,-0.000721102921475]]]]}},
{"type":"Feature","properties":{"house_id":175,"lot_number":12,"block_num":8,"name":null,"status":null,"email":null,"contact_no":null},"geometry":{"type":"MultiPolygon","coordinates":[[[[-0.000048092077576,-0.000701170626554],[-0.000116737123085,-0.000681824331411],[-0.000091329977029,-0.000592556798188],[-0.000022919291565,-0.00061161795209],[-0.000048092077576,-0.000701170626554]]]]}},
{"type":"Feature","properties":{"house_id":176,"lot_number":13,"block_num":8,"name":null,"status":null,"email":null,"contact_no":null},"geometry":{"type":"MultiPolygon","coordinates":[[[[-0.000116737123085,-0.000681824331411],[-0.00018665696092,-0.000662118760396],[-0.000161975875614,-0.000572918595887],[-0.000091329977029,-0.000592556798188],[-0.000116737123085,-0.000681824331411]]]]}},
{"type":"Feature","properties":{"house_id":177,"lot_number":16,"block_num":8,"name":null,"status":null,"email":null,"contact_no":null},"geometry":{"type":"MultiPolygon","coordinates":[[[[-0.00018665696092,-0.000662118760396],[-0.000255380628409,-0.00064275030715],[-0.000230065626184,-0.000553978719895],[-0.000161975875614,-0.000572918595887],[-0.00018665696092,-0.000662118760396]]]]}},
{"type":"Feature","properties":{"house_id":178,"lot_number":17,"block_num":8,"name":null,"status":null,"email":null,"contact_no":null},"geometry":{"type":"MultiPolygon","coordinates":[[[[-0.000255380628409,-0.00064275030715],[-0.000325221844264,-0.000623066894239],[-0.000300016029663,-0.000534520590391],[-0.000230065626184,-0.000553978719895],[-0.000255380628409,-0.00064275030715]]]]}},
{"type":"Feature","properties":{"house_id":179,"lot_number":20,"block_num":8,"name":null,"status":null,"email":null,"contact_no":null},"geometry":{"type":"MultiPolygon","coordinates":[[[[-0.000325221844264,-0.000623066894239],[-0.000409132465847,-0.00059941828801],[-0.000379526186929,-0.000512402541706],[-0.000300016029663,-0.000534520590391],[-0.000325221844264,-0.000623066894239]]]]}},
{"type":"Feature","properties":{"house_id":180,"lot_number":2,"block_num":8,"name":null,"status":null,"email":null,"contact_no":null},"geometry":{"type":"MultiPolygon","coordinates":[[[[0.000326195851218,-0.000708713513813],[0.000255247384146,-0.000688985158655],[0.000279230514229,-0.000600899599832],[0.000355859377983,-0.000622152421311],[0.000326195851218,-0.000708713513813]]]]}},
{"type":"Feature","properties":{"house_id":181,"lot_number":3,"block_num":8,"name":null,"status":null,"email":null,"contact_no":null},"geometry":{"type":"MultiPolygon","coordinates":[[[[0.000255247384146,-0.000688985158655],[0.000184942237402,-0.000669420941465],[0.000209274751309,-0.000581497545985],[0.000279230514229,-0.000600899599832],[0.000255247384146,-0.000688985158655]]]]}},
{"type":"Feature","properties":{"house_id":182,"lot_number":6,"block_num":8,"name":null,"status":null,"email":null,"contact_no":null},"geometry":{"type":"MultiPolygon","coordinates":[[[[0.000184942237402,-0.000669420941465],[0.000115858117685,-0.000650201614702],[0.000139933074103,-0.000562265807257],[0.000209274751309,-0.000581497545985],[0.000184942237402,-0.000669420941465]]]]}},
{"type":"Feature","properties":{"house_id":183,"lot_number":7,"block_num":8,"name":null,"status":null,"email":null,"contact_no":null},"geometry":{"type":"MultiPolygon","coordinates":[[[[0.000115858117685,-0.000650201614702],[0.000046821058332,-0.000631017360433],[0.00007045552752,-0.000542996385501],[0.000139933074103,-0.000562265807257],[0.000115858117685,-0.000650201614702]]]]}},
{"type":"Feature","properties":{"house_id":184,"lot_number":10,"block_num":8,"name":null,"status":null,"email":null,"contact_no":null},"geometry":{"type":"MultiPolygon","coordinates":[[[[0.000046821058332,-0.000631017360433],[-0.000022919291565,-0.00061161795209],[0.000001727936028,-0.000523934961892],[0.00007045552752,-0.000542996385501],[0.000046821058332,-0.000631017360433]]]]}},
{"type":"Feature","properties":{"house_id":185,"lot_number":11,"block_num":8,"name":null,"status":null,"email":null,"contact_no":null},"geometry":{"type":"MultiPolygon","coordinates":[[[[-0.000022919291565,-0.00061161795209],[-0.000091329977029,-0.000592556798188],[-0.000066419537095,-0.000505034432645],[0.000001727936028,-0.000523934961892],[-0.000022919291565,-0.00061161795209]]]]}},
{"type":"Feature","properties":{"house_id":186,"lot_number":14,"block_num":8,"name":null,"status":null,"email":null,"contact_no":null},"geometry":{"type":"MultiPolygon","coordinates":[[[[-0.000091329977029,-0.000592556798188],[-0.000161975875614,-0.000572918595887],[-0.000137722357147,-0.000485258775911],[-0.000066419537095,-0.000505034432645],[-0.000091329977029,-0.000592556798188]]]]}},
{"type":"Feature","properties":{"house_id":187,"lot_number":15,"block_num":8,"name":null,"status":null,"email":null,"contact_no":null},"geometry":{"type":"MultiPolygon","coordinates":[[[[-0.000161975875614,-0.000572918595887],[-0.000230065626184,-0.000553978719895],[-0.000205136858851,-0.000466561534432],[-0.000137722357147,-0.000485258775911],[-0.000161975875614,-0.000572918595887]]]]}},
{"type":"Feature","properties":{"house_id":188,"lot_number":18,"block_num":8,"name":null,"status":null,"email":null,"contact_no":null},"geometry":{"type":"MultiPolygon","coordinates":[[[[-0.000230065626184,-0.000553978719895],[-0.000300016029663,-0.000534520590391],[-0.000275143572788,-0.000447145349449],[-0.000205136858851,-0.000466561534432],[-0.000230065626184,-0.000553978719895]]]]}},
{"type":"Feature","properties":{"house_id":189,"lot_number":19,"block_num":8,"name":null,"status":null,"email":null,"contact_no":null},"geometry":{"type":"MultiPolygon","coordinates":[[[[-0.000300016029663,-0.000534520590391],[-0.000379526186929,-0.000512402541706],[-0.000350236881133,-0.000426318410377],[-0.000275143572788,-0.000447145349449],[-0.000300016029663,-0.000534520590391]]]]}},
{"type":"Feature","properties":{"house_id":190,"lot_number":1,"block_num":9,"name":null,"status":null,"email":null,"contact_no":null},"geometry":{"type":"MultiPolygon","coordinates":[[[[0.000373836349111,-0.000571210191959],[0.000277860778167,-0.000544444597843],[0.000309832971063,-0.000434398013619],[0.000413296965309,-0.000462992441482],[0.000373836349111,-0.000571210191959]]]]}},
{"type":"Feature","properties":{"house_id":191,"lot_number":4,"block_num":9,"name":null,"status":null,"email":null,"contact_no":null},"geometry":{"type":"MultiPolygon","coordinates":[[[[0.000277860778167,-0.000544444597843],[0.000195560504899,-0.000521492760326],[0.000225285273276,-0.000411031497925],[0.000309832971063,-0.000434398013619],[0.000277860778167,-0.000544444597843]]]]}},
{"type":"Feature","properties":{"house_id":192,"lot_number":5,"block_num":9,"name":null,"status":null,"email":null,"contact_no":null},"geometry":{"type":"MultiPolygon","coordinates":[[[[0.000195560504899,-0.000521492760326],[0.000107863026181,-0.000497035754264],[0.000136659944213,-0.000386538043973],[0.000225285273276,-0.000411031497925],[0.000195560504899,-0.000521492760326]]]]}},
{"type":"Feature","properties":{"house_id":193,"lot_number":8,"block_num":9,"name":null,"status":null,"email":null,"contact_no":null},"geometry":{"type":"MultiPolygon","coordinates":[[[[0.000107863026181,-0.000497035754264],[0.000019636997874,-0.000472431346696],[0.000051651377945,-0.000363044157684],[0.000136659944213,-0.000386538043973],[0.000107863026181,-0.000497035754264]]]]}},
{"type":"Feature","properties":{"house_id":194,"lot_number":9,"block_num":9,"name":null,"status":null,"email":null,"contact_no":null},"geometry":{"type":"MultiPolygon","coordinates":[[[[0.000019636997874,-0.000472431346696],[-0.000063335886917,-0.000449291931789],[-0.000031445832981,-0.000340078514217],[0.000051651377945,-0.000363044157684],[0.000019636997874,-0.000472431346696]]]]}},
{"type":"Feature","properties":{"house_id":195,"lot_number":10,"block_num":9,"name":null,"status":null,"email":null,"contact_no":null},"geometry":{"type":"MultiPolygon","coordinates":[[[[-0.000063335886917,-0.000449291931789],[-0.000207123684279,-0.00040919250039],[-0.000031445832981,-0.000340078514217],[-0.000063335886917,-0.000449291931789]]]]}},
{"type":"Feature","properties":{"house_id":196,"lot_number":7,"block_num":9,"name":null,"status":null,"email":null,"contact_no":null},"geometry":{"type":"MultiPolygon","coordinates":[[[[0.000159166806651,-0.000306148791937],[0.000136659944213,-0.000386538043973],[-0.000031445832981,-0.000340078514217],[0.000056273397281,-0.000305568610877],[0.000159166806651,-0.000306148791937]]]]}},
{"type":"Feature","properties":{"house_id":197,"lot_number":2,"block_num":9,"name":null,"status":null,"email":null,"contact_no":null},"geometry":{"type":"MultiPolygon","coordinates":[[[[0.000413296965309,-0.000462992441482],[0.000309832971063,-0.000434398013619],[0.000345394958974,-0.000307198869365],[0.000469849781304,-0.000307900627925],[0.000413296965309,-0.000462992441482]]]]}},
{"type":"Feature","properties":{"house_id":198,"lot_number":3,"block_num":9,"name":null,"status":null,"email":null,"contact_no":null},"geometry":{"type":"MultiPolygon","coordinates":[[[[0.000309832971063,-0.000434398013619],[0.000225285273276,-0.000411031497925],[0.000251899859817,-0.000306671682191],[0.000345394958974,-0.000307198869365],[0.000309832971063,-0.000434398013619]]]]}},
{"type":"Feature","properties":{"house_id":199,"lot_number":6,"block_num":9,"name":null,"status":null,"email":null,"contact_no":null},"geometry":{"type":"MultiPolygon","coordinates":[[[[0.000225285273276,-0.000411031497925],[0.000136659944213,-0.000386538043973],[0.000159166806651,-0.000306148791937],[0.000251899859817,-0.000306671682191],[0.000225285273276,-0.000411031497925]]]]}},
{"type":"Feature","properties":{"house_id":200,"lot_number":6,"block_num":17,"name":null,"status":null,"email":null,"contact_no":null},"geometry":{"type":"MultiPolygon","coordinates":[[[[0.00002625387044,-0.00201139214574],[-0.000063216394057,-0.001977869414398],[-0.000042449500009,-0.00191897802],[0.000047138336226,-0.00195276052983],[0.00002625387044,-0.00201139214574]]]]}},
{"type":"Feature","properties":{"house_id":201,"lot_number":7,"block_num":17,"name":null,"status":null,"email":null,"contact_no":null},"geometry":{"type":"MultiPolygon","coordinates":[[[[0.000047138336226,-0.00195276052983],[-0.000042449500009,-0.00191897802],[-0.000021283959937,-0.001858870906885],[0.000068226112254,-0.001893558135228],[0.000047138336226,-0.00195276052983]]]]}},
{"type":"Feature","properties":{"house_id":202,"lot_number":7,"block_num":17,"name":null,"status":null,"email":null,"contact_no":null},"geometry":{"type":"MultiPolygon","coordinates":[[[[0.000068226112254,-0.001893558135228],[-0.000021283959937,-0.001858870906885],[-0.000001197749247,-0.001800460937497],[0.000089090269501,-0.00183498353406],[0.000068226112254,-0.001893558135228]]]]}},
{"type":"Feature","properties":{"house_id":203,"lot_number":9,"block_num":17,"name":null,"status":null,"email":null,"contact_no":null},"geometry":{"type":"MultiPolygon","coordinates":[[[[0.000089090269501,-0.00183498353406],[-0.000001197749247,-0.001800460937497],[0.000020492201029,-0.001740315881183],[0.00010994953731,-0.001776422659626],[0.000089090269501,-0.00183498353406]]]]}},
{"type":"Feature","properties":{"house_id":204,"lot_number":10,"block_num":17,"name":null,"status":null,"email":null,"contact_no":null},"geometry":{"type":"MultiPolygon","coordinates":[[[[0.00010994953731,-0.001776422659626],[0.000020492201029,-0.001740315881183],[0.000040481141754,-0.00168359000387],[0.000131085495319,-0.001717084997618],[0.00010994953731,-0.001776422659626]]]]}},
{"type":"Feature","properties":{"house_id":205,"lot_number":11,"block_num":17,"name":null,"status":null,"email":null,"contact_no":null},"geometry":{"type":"MultiPolygon","coordinates":[[[[0.000131085495319,-0.001717084997618],[0.000040481141754,-0.00168359000387],[0.000061478018774,-0.001624003741335],[0.000151864200788,-0.001658750296084],[0.000131085495319,-0.001717084997618]]]]}},
{"type":"Feature","properties":{"house_id":206,"lot_number":12,"block_num":17,"name":null,"status":null,"email":null,"contact_no":null},"geometry":{"type":"MultiPolygon","coordinates":[[[[0.000151864200788,-0.001658750296084],[0.000061478018774,-0.001624003741335],[0.000082796150973,-0.00156350580058],[0.000173470710231,-0.001598091595207],[0.000151864200788,-0.001658750296084]]]]}},
{"type":"Feature","properties":{"house_id":207,"lot_number":13,"block_num":17,"name":null,"status":null,"email":null,"contact_no":null},"geometry":{"type":"MultiPolygon","coordinates":[[[[0.000173470710231,-0.001598091595207],[0.000082796150973,-0.00156350580058],[0.000104460200631,-0.001503721124965],[0.000194735412563,-0.001538392492888],[0.000173470710231,-0.001598091595207]]]]}},
{"type":"Feature","properties":{"house_id":208,"lot_number":14,"block_num":17,"name":null,"status":null,"email":null,"contact_no":null},"geometry":{"type":"MultiPolygon","coordinates":[[[[0.000194735412563,-0.001538392492888],[0.000104460200631,-0.001503721124965],[0.000125566652187,-0.001444239306965],[0.000215459913303,-0.001480209967175],[0.000194735412563,-0.001538392492888]]]]}},
{"type":"Feature","properties":{"house_id":209,"lot_number":15,"block_num":17,"name":null,"status":null,"email":null,"contact_no":null},"geometry":{"type":"MultiPolygon","coordinates":[[[[0.000215459913303,-0.001480209967175],[0.000125566652187,-0.001444239306965],[0.000146497579036,-0.001385252149499],[0.00023679632195,-0.001420309554596],[0.000215459913303,-0.001480209967175]]]]}},
{"type":"Feature","properties":{"house_id":210,"lot_number":16,"block_num":17,"name":null,"status":null,"email":null,"contact_no":null},"geometry":{"type":"MultiPolygon","coordinates":[[[[0.00023679632195,-0.001420309554596],[0.000146497579036,-0.001385252149499],[0.000166241933541,-0.001329608968637],[0.000256958974826,-0.00136370437582],[0.00023679632195,-0.001420309554596]]]]}},
{"type":"Feature","properties":{"house_id":211,"lot_number":17,"block_num":17,"name":null,"status":null,"email":null,"contact_no":null},"geometry":{"type":"MultiPolygon","coordinates":[[[[0.000256958974826,-0.00136370437582],[0.000166241933541,-0.001329608968637],[0.000188391127489,-0.00126667608256],[0.000278396653056,-0.001303519656264],[0.000256958974826,-0.00136370437582]]]]}},
{"type":"Feature","properties":{"house_id":212,"lot_number":19,"block_num":17,"name":null,"status":null,"email":null,"contact_no":null},"geometry":{"type":"MultiPolygon","coordinates":[[[[0.000278396653056,-0.001303519656264],[0.000188391127489,-0.00126667608256],[0.000208398495049,-0.001209044351634],[0.00029960563688,-0.001243976979588],[0.000278396653056,-0.001303519656264]]]]}},
{"type":"Feature","properties":{"house_id":213,"lot_number":20,"block_num":17,"name":null,"status":null,"email":null,"contact_no":null},"geometry":{"type":"MultiPolygon","coordinates":[[[[0.00029960563688,-0.001243976979588],[0.000208398495049,-0.001209044351634],[0.00022882090395,-0.001150217083567],[0.000320522687448,-0.001185253884256],[0.00029960563688,-0.001243976979588]]]]}},
{"type":"Feature","properties":{"house_id":214,"lot_number":21,"block_num":17,"name":null,"status":null,"email":null,"contact_no":null},"geometry":{"type":"MultiPolygon","coordinates":[[[[0.000320522687448,-0.001185253884256],[0.00022882090395,-0.001150217083567],[0.000249304106925,-0.001091214696628],[0.000340837073177,-0.001126529059369],[0.000320522687448,-0.001185253884256]]]]}},
{"type":"Feature","properties":{"house_id":215,"lot_number":22,"block_num":17,"name":null,"status":null,"email":null,"contact_no":null},"geometry":{"type":"MultiPolygon","coordinates":[[[[0.000340837073177,-0.001126529059369],[0.000249304106925,-0.001091214696628],[0.000270687026323,-0.001030297218297],[0.000362249191517,-0.001066332195143],[0.000340837073177,-0.001126529059369]]]]}},
{"type":"Feature","properties":{"house_id":216,"lot_number":1,"block_num":18,"name":null,"status":null,"email":null,"contact_no":null},"geometry":{"type":"MultiPolygon","coordinates":[[[[0.000710153394247,-0.000068150969186],[0.000672709577828,-0.000175582021433],[0.000586893419199,-0.000142308436291],[0.000612685359623,-0.000066787926589],[0.000675183291345,-0.000067661929471],[0.000710153394247,-0.000068150969186]]]]}},
{"type":"Feature","properties":{"house_id":217,"lot_number":2,"block_num":18,"name":null,"status":null,"email":null,"contact_no":null},"geometry":{"type":"MultiPolygon","coordinates":[[[[0.000651573547007,-0.000236223971119],[0.000565891418101,-0.000203803686422],[0.000582364243563,-0.000155570162511],[0.000586893419199,-0.000142308436291],[0.000672709577828,-0.000175582021433],[0.000651573547007,-0.000236223971119]]]]}},
{"type":"Feature","properties":{"house_id":218,"lot_number":3,"block_num":18,"name":null,"status":null,"email":null,"contact_no":null},"geometry":{"type":"MultiPolygon","coordinates":[[[[0.000630958771278,-0.00029537037392],[0.000545184353632,-0.000262499261136],[0.000565891418101,-0.000203803686422],[0.000651573547007,-0.000236223971119],[0.000630958771278,-0.00029537037392]]]]}},
{"type":"Feature","properties":{"house_id":219,"lot_number":4,"block_num":18,"name":null,"status":null,"email":null,"contact_no":null},"geometry":{"type":"MultiPolygon","coordinates":[[[[0.000610003341482,-0.00035549415639],[0.000523944647061,-0.000322145290035],[0.000545184353632,-0.000262499261136],[0.000630958771278,-0.00029537037392],[0.000617436342196,-0.000334167935818],[0.000610003341482,-0.00035549415639]]]]}},
{"type":"Feature","properties":{"house_id":220,"lot_number":5,"block_num":18,"name":null,"status":null,"email":null,"contact_no":null},"geometry":{"type":"MultiPolygon","coordinates":[[[[0.000589536521325,-0.000414216055913],[0.000503481306766,-0.000379611102122],[0.000523944647061,-0.000322145290035],[0.000610003341482,-0.00035549415639],[0.000589536521325,-0.000414216055913]]]]}},
{"type":"Feature","properties":{"house_id":221,"lot_number":6,"block_num":18,"name":null,"status":null,"email":null,"contact_no":null},"geometry":{"type":"MultiPolygon","coordinates":[[[[0.00056881758885,-0.000473661297613],[0.00048274889364,-0.00043783253321],[0.000503481306766,-0.000379611102122],[0.000589536521325,-0.000414216055913],[0.00056881758885,-0.000473661297613]]]]}},
{"type":"Feature","properties":{"house_id":222,"lot_number":7,"block_num":18,"name":null,"status":null,"email":null,"contact_no":null},"geometry":{"type":"MultiPolygon","coordinates":[[[[0.00054766813093,-0.000534341771345],[0.000460576938381,-0.000500096532936],[0.00048274889364,-0.00043783253321],[0.00056881758885,-0.000473661297613],[0.00054766813093,-0.000534341771345]]]]}},
{"type":"Feature","properties":{"house_id":223,"lot_number":8,"block_num":18,"name":null,"status":null,"email":null,"contact_no":null},"geometry":{"type":"MultiPolygon","coordinates":[[[[0.000527014661013,-0.00059359919267],[0.000440085300481,-0.000557641811268],[0.000460576938381,-0.000500096532936],[0.00054766813093,-0.000534341771345],[0.000527014661013,-0.00059359919267]]]]}},
{"type":"Feature","properties":{"house_id":224,"lot_number":9,"block_num":18,"name":null,"status":null,"email":null,"contact_no":null},"geometry":{"type":"MultiPolygon","coordinates":[[[[0.000506511248741,-0.000652426079606],[0.000418202130137,-0.000619080506706],[0.000440085300481,-0.000557641811268],[0.000527014661013,-0.00059359919267],[0.000506511248741,-0.000652426079606]]]]}},
{"type":"Feature","properties":{"house_id":225,"lot_number":10,"block_num":18,"name":null,"status":null,"email":null,"contact_no":null},"geometry":{"type":"MultiPolygon","coordinates":[[[[0.000486513605302,-0.000709801851692],[0.00039844466826,-0.000674411648141],[0.000418202130137,-0.000619080506706],[0.000506511248741,-0.000652426079606],[0.000486513605302,-0.000709801851692]]]]}},
{"type":"Feature","properties":{"house_id":226,"lot_number":11,"block_num":18,"name":null,"status":null,"email":null,"contact_no":null},"geometry":{"type":"MultiPolygon","coordinates":[[[[0.000465177497623,-0.000771017847225],[0.000376610165959,-0.000735559580119],[0.00039844466826,-0.000674411648141],[0.000486513605302,-0.000709801851692],[0.000465177497623,-0.000771017847225]]]]}},
{"type":"Feature","properties":{"house_id":227,"lot_number":12,"block_num":18,"name":null,"status":null,"email":null,"contact_no":null},"geometry":{"type":"MultiPolygon","coordinates":[[[[0.00044467224076,-0.000829850026523],[0.000355577973691,-0.00079446062785],[0.000376610165959,-0.000735559580119],[0.000465177497623,-0.000771017847225],[0.00044467224076,-0.000829850026523]]]]}},
{"type":"Feature","properties":{"house_id":228,"lot_number":13,"block_num":18,"name":null,"status":null,"email":null,"contact_no":null},"geometry":{"type":"MultiPolygon","coordinates":[[[[0.000424074581312,-0.00088894732054],[0.000334114273894,-0.000854430439181],[0.000355577973691,-0.00079446062785],[0.00044467224076,-0.000829850026523],[0.000424074581312,-0.00088894732054]]]]}},
{"type":"Feature","properties":{"house_id":229,"lot_number":14,"block_num":18,"name":null,"status":null,"email":null,"contact_no":null},"geometry":{"type":"MultiPolygon","coordinates":[[[[0.000403505620653,-0.000947962274094],[0.000312921871892,-0.00091319129709],[0.000334114273894,-0.000854430439181],[0.000424074581312,-0.00088894732054],[0.000403505620653,-0.000947962274094]]]]}},
{"type":"Feature","properties":{"house_id":230,"lot_number":15,"block_num":18,"name":null,"status":null,"email":null,"contact_no":null},"geometry":{"type":"MultiPolygon","coordinates":[[[[0.00038250428996,-0.001008217752045],[0.000291940576195,-0.00097136681372],[0.000312921871892,-0.00091319129709],[0.000403505620653,-0.000947962274094],[0.00038250428996,-0.001008217752045]]]]}},
{"type":"Feature","properties":{"house_id":231,"lot_number":16,"block_num":18,"name":null,"status":null,"email":null,"contact_no":null},"geometry":{"type":"MultiPolygon","coordinates":[[[[0.000362249191517,-0.001066332195143],[0.000270687026323,-0.001030297218297],[0.000291940576195,-0.00097136681372],[0.00038250428996,-0.001008217752045],[0.000362249191517,-0.001066332195143]]]]}},
{"type":"Feature","properties":{"house_id":232,"lot_number":1,"block_num":10,"name":null,"status":null,"email":null,"contact_no":null},"geometry":{"type":"MultiPolygon","coordinates":[[[[-0.000278966879811,-0.000222507565648],[-0.000243653230101,-0.000264298072491],[-0.000239731424623,-0.000268808324793],[-0.000212091014105,-0.000353226716872],[-0.00029354935225,-0.000385273502591],[-0.000332575381864,-0.000375210571493],[-0.000278966879811,-0.000222507565648]]]]}},
{"type":"Feature","properties":{"house_id":233,"lot_number":2,"block_num":10,"name":null,"status":null,"email":null,"contact_no":null},"geometry":{"type":"MultiPolygon","coordinates":[[[[-0.000143955066616,-0.000326421135532],[-0.000212091014105,-0.000353226716872],[-0.000239731424623,-0.000268808324793],[-0.000243653230101,-0.000264298072491],[-0.00017710822963,-0.000238989761434],[-0.000143955066616,-0.000326421135532]]]]}},
{"type":"Feature","properties":{"house_id":234,"lot_number":3,"block_num":10,"name":null,"status":null,"email":null,"contact_no":null},"geometry":{"type":"MultiPolygon","coordinates":[[[[-0.000210926948916,-0.000149807331848],[-0.00017710822963,-0.000238989761434],[-0.000243653230101,-0.000264298072491],[-0.000278966879811,-0.000222507565648],[-0.000259845548711,-0.000168040743726],[-0.000210926948916,-0.000149807331848]]]]}},
{"type":"Feature","properties":{"house_id":235,"lot_number":4,"block_num":10,"name":null,"status":null,"email":null,"contact_no":null},"geometry":{"type":"MultiPolygon","coordinates":[[[[-0.000143783033806,-0.000124780804833],[-0.000110572856537,-0.000213685111849],[-0.00017710822963,-0.000238989761434],[-0.000210926948916,-0.000149807331848],[-0.000143783033806,-0.000124780804833]]]]}},
{"type":"Feature","properties":{"house_id":236,"lot_number":5,"block_num":10,"name":null,"status":null,"email":null,"contact_no":null},"geometry":{"type":"MultiPolygon","coordinates":[[[[-0.000110572856537,-0.000213685111849],[-0.000078115951513,-0.000300519158377],[-0.000143955066616,-0.000326421135532],[-0.00017710822963,-0.000238989761434],[-0.000110572856537,-0.000213685111849]]]]}},
{"type":"Feature","properties":{"house_id":237,"lot_number":6,"block_num":10,"name":null,"status":null,"email":null,"contact_no":null},"geometry":{"type":"MultiPolygon","coordinates":[[[[-0.000011107748881,-0.000274157246754],[-0.000078115951513,-0.000300519158377],[-0.000110572856537,-0.000213685111849],[-0.000043837414492,-0.000188279905899],[-0.000011107748881,-0.000274157246754]]]]}},
{"type":"Feature","properties":{"house_id":238,"lot_number":7,"block_num":10,"name":null,"status":null,"email":null,"contact_no":null},"geometry":{"type":"MultiPolygon","coordinates":[[[[-0.000043837414492,-0.000188279905899],[-0.000110572856537,-0.000213685111849],[-0.000143783033806,-0.000124780804833],[-0.000077459814209,-0.000100060175358],[-0.000043837414492,-0.000188279905899]]]]}},
{"type":"Feature","properties":{"house_id":239,"lot_number":8,"block_num":10,"name":null,"status":null,"email":null,"contact_no":null},"geometry":{"type":"MultiPolygon","coordinates":[[[[0.000015534948709,-0.000067556395357],[0.000030126948946,-0.000160174338424],[-0.000043837414492,-0.000188279905899],[-0.000077459814209,-0.000100060175358],[0.00000972483627,-0.000067563872351],[0.000015534948709,-0.000067556395357]]]]}},
{"type":"Feature","properties":{"house_id":240,"lot_number":9,"block_num":10,"name":null,"status":null,"email":null,"contact_no":null},"geometry":{"type":"MultiPolygon","coordinates":[[[[0.000030126948946,-0.000160174338424],[0.00004637011073,-0.000252578224974],[-0.000011107748881,-0.000274157246754],[-0.000043837414492,-0.000188279905899],[0.000030126948946,-0.000160174338424]]]]}},
{"type":"Feature","properties":{"house_id":241,"lot_number":11,"block_num":10,"name":null,"status":null,"email":null,"contact_no":null},"geometry":{"type":"MultiPolygon","coordinates":[[[[0.000110915150894,-0.000067433651229],[0.000110777449673,-0.000159861768955],[0.000030126948946,-0.000160174338424],[0.000015534948709,-0.000067556395357],[0.000110915150894,-0.000067433651229]]]]}},
{"type":"Feature","properties":{"house_id":242,"lot_number":10,"block_num":10,"name":null,"status":null,"email":null,"contact_no":null},"geometry":{"type":"MultiPolygon","coordinates":[[[[0.00011064021699,-0.000251975393061],[0.000051388135343,-0.000251641290656],[0.00004637011073,-0.000252578224974],[0.000030126948946,-0.000160174338424],[0.000110777449673,-0.000159861768955],[0.00011064021699,-0.000251975393061]]]]}},
{"type":"Feature","properties":{"house_id":243,"lot_number":12,"block_num":10,"name":null,"status":null,"email":null,"contact_no":null},"geometry":{"type":"MultiPolygon","coordinates":[[[[0.000182272486115,-0.000159603655236],[0.000110777449673,-0.000159861768955],[0.000110915150894,-0.000067433651229],[0.000182360895325,-0.000067341708191],[0.000182272486115,-0.000159603655236]]]]}},
{"type":"Feature","properties":{"house_id":244,"lot_number":13,"block_num":10,"name":null,"status":null,"email":null,"contact_no":null},"geometry":{"type":"MultiPolygon","coordinates":[[[[0.000182189083546,-0.000252378832868],[0.00011064021699,-0.000251975393061],[0.000110777449673,-0.000159861768955],[0.000182272486115,-0.000159603655236],[0.000182189083546,-0.000252378832868]]]]}},
{"type":"Feature","properties":{"house_id":245,"lot_number":14,"block_num":10,"name":null,"status":null,"email":null,"contact_no":null},"geometry":{"type":"MultiPolygon","coordinates":[[[[0.000255179056185,-0.000252790398584],[0.000182189083546,-0.000252378832868],[0.000182272486115,-0.000159603655236],[0.000255540150561,-0.000159328835317],[0.000255179056185,-0.000252790398584]]]]}},
{"type":"Feature","properties":{"house_id":246,"lot_number":15,"block_num":10,"name":null,"status":null,"email":null,"contact_no":null},"geometry":{"type":"MultiPolygon","coordinates":[[[[0.000255540150561,-0.000159328835317],[0.000182272486115,-0.000159603655236],[0.000182360895325,-0.000067341708191],[0.000255894555489,-0.000067247078228],[0.000255540150561,-0.000159328835317]]]]}},
{"type":"Feature","properties":{"house_id":247,"lot_number":17,"block_num":10,"name":null,"status":null,"email":null,"contact_no":null},"geometry":{"type":"MultiPolygon","coordinates":[[[[0.000326736177549,-0.000253193884937],[0.000255179056185,-0.000252790398584],[0.000255540150561,-0.000159328835317],[0.000326792704686,-0.000159061573881],[0.000326736177549,-0.000253193884937]]]]}},
{"type":"Feature","properties":{"house_id":248,"lot_number":16,"block_num":10,"name":null,"status":null,"email":null,"contact_no":null},"geometry":{"type":"MultiPolygon","coordinates":[[[[0.000326792704686,-0.000159061573881],[0.000255540150561,-0.000159328835317],[0.000255894555489,-0.000067247078228],[0.00032683912587,-0.000067155780147],[0.000326792704686,-0.000159061573881]]]]}},
{"type":"Feature","properties":{"house_id":249,"lot_number":18,"block_num":10,"name":null,"status":null,"email":null,"contact_no":null},"geometry":{"type":"MultiPolygon","coordinates":[[[[0.000397742800136,-0.000253594267214],[0.000326736177549,-0.000253193884937],[0.000326792704686,-0.000159061573881],[0.000397881571048,-0.000158794926423],[0.000397742800136,-0.000253594267214]]]]}},
{"type":"Feature","properties":{"house_id":250,"lot_number":19,"block_num":10,"name":null,"status":null,"email":null,"contact_no":null},"geometry":{"type":"MultiPolygon","coordinates":[[[[0.000397881571048,-0.000158794926423],[0.000326792704686,-0.000159061573881],[0.00032683912587,-0.000067155780147],[0.000397951992172,-0.000067064265487],[0.000397881571048,-0.000158794926423]]]]}},
{"type":"Feature","properties":{"house_id":251,"lot_number":20,"block_num":10,"name":null,"status":null,"email":null,"contact_no":null},"geometry":{"type":"MultiPolygon","coordinates":[[[[0.000469621745668,-0.00015852583597],[0.000397881571048,-0.000158794926423],[0.000397951992172,-0.000067064265487],[0.000469816155334,-0.000066971783988],[0.000469621745668,-0.00015852583597]]]]}},
{"type":"Feature","properties":{"house_id":252,"lot_number":21,"block_num":10,"name":null,"status":null,"email":null,"contact_no":null},"geometry":{"type":"MultiPolygon","coordinates":[[[[0.000489708750254,-0.000254112832035],[0.000397742800136,-0.000253594267214],[0.000397881571048,-0.000158794926423],[0.000469621745668,-0.00015852583597],[0.000525636363279,-0.000157057348739],[0.000489708750254,-0.000254112832035]]]]}},
{"type":"Feature","properties":{"house_id":253,"lot_number":22,"block_num":10,"name":null,"status":null,"email":null,"contact_no":null},"geometry":{"type":"MultiPolygon","coordinates":[[[[0.000469816155334,-0.000066971783988],[0.000612685359623,-0.000066787926589],[0.000582364243563,-0.000155570162511],[0.000525636363279,-0.000157057348739],[0.000469621745668,-0.00015852583597],[0.000469816155334,-0.000066971783988]]]]}},
{"type":"Feature","properties":{"house_id":254,"lot_number":1,"block_num":11,"name":null,"status":null,"email":null,"contact_no":null},"geometry":{"type":"MultiPolygon","coordinates":[[[[-0.000358922825372,-0.00020618624829],[-0.000403758785876,-0.00033395077685],[-0.000440868493951,-0.000348070452563],[-0.00047401804381,-0.000250879435473],[-0.000358922825372,-0.00020618624829]]]]}},
{"type":"Feature","properties":{"house_id":255,"lot_number":2,"block_num":11,"name":null,"status":null,"email":null,"contact_no":null},"geometry":{"type":"MultiPolygon","coordinates":[[[[-0.000440868493951,-0.000348070452563],[-0.000503791117072,-0.000372011653321],[-0.000540161054959,-0.000276563751627],[-0.00047401804381,-0.000250879435473],[-0.000440868493951,-0.000348070452563]]]]}},
{"type":"Feature","properties":{"house_id":256,"lot_number":3,"block_num":11,"name":null,"status":null,"email":null,"contact_no":null},"geometry":{"type":"MultiPolygon","coordinates":[[[[-0.000403758785876,-0.00033395077685],[-0.000442105844807,-0.000445547787518],[-0.000471472726332,-0.000456826866425],[-0.000503791117072,-0.000372011653321],[-0.000403758785876,-0.00033395077685]]]]}},
{"type":"Feature","properties":{"house_id":257,"lot_number":4,"block_num":11,"name":null,"status":null,"email":null,"contact_no":null},"geometry":{"type":"MultiPolygon","coordinates":[[[[-0.000471472726332,-0.000456826866425],[-0.0005388324333,-0.000482698031854],[-0.000571679536107,-0.000397843359332],[-0.000503791117072,-0.000372011653321],[-0.000471472726332,-0.000456826866425]]]]}},
{"type":"Feature","properties":{"house_id":258,"lot_number":5,"block_num":11,"name":null,"status":null,"email":null,"contact_no":null},"geometry":{"type":"MultiPolygon","coordinates":[[[[-0.000503791117072,-0.000372011653321],[-0.000571679536107,-0.000397843359332],[-0.000608373278822,-0.000303051573889],[-0.000540161054959,-0.000276563751627],[-0.000503791117072,-0.000372011653321]]]]}},
{"type":"Feature","properties":{"house_id":259,"lot_number":6,"block_num":11,"name":null,"status":null,"email":null,"contact_no":null},"geometry":{"type":"MultiPolygon","coordinates":[[[[-0.000608373278822,-0.000303051573889],[-0.000571679536107,-0.000397843359332],[-0.000638813633647,-0.000423388345586],[-0.000674698925186,-0.000328806810016],[-0.000608373278822,-0.000303051573889]]]]}},
{"type":"Feature","properties":{"house_id":260,"lot_number":7,"block_num":11,"name":null,"status":null,"email":null,"contact_no":null},"geometry":{"type":"MultiPolygon","coordinates":[[[[-0.000571679536107,-0.000397843359332],[-0.0005388324333,-0.000482698031854],[-0.000606456537987,-0.000508670745781],[-0.000638813633647,-0.000423388345586],[-0.000571679536107,-0.000397843359332]]]]}},
{"type":"Feature","properties":{"house_id":261,"lot_number":8,"block_num":11,"name":null,"status":null,"email":null,"contact_no":null},"geometry":{"type":"MultiPolygon","coordinates":[[[[-0.000606456537987,-0.000508670745781],[-0.000674315656461,-0.000534733722579],[-0.000705830520546,-0.000448877835445],[-0.000638813633647,-0.000423388345586],[-0.000606456537987,-0.000508670745781]]]]}},
{"type":"Feature","properties":{"house_id":262,"lot_number":9,"block_num":11,"name":null,"status":null,"email":null,"contact_no":null},"geometry":{"type":"MultiPolygon","coordinates":[[[[-0.000674698925186,-0.000328806810016],[-0.000638813633647,-0.000423388345586],[-0.000705830520546,-0.000448877835445],[-0.000740522324708,-0.000354367016216],[-0.000674698925186,-0.000328806810016]]]]}},
{"type":"Feature","properties":{"house_id":263,"lot_number":10,"block_num":11,"name":null,"status":null,"email":null,"contact_no":null},"geometry":{"type":"MultiPolygon","coordinates":[[[[-0.000740522324708,-0.000354367016216],[-0.000705830520546,-0.000448877835445],[-0.000772650315003,-0.000474308355354],[-0.000808117855098,-0.00038061536722],[-0.000740522324708,-0.000354367016216]]]]}},
{"type":"Feature","properties":{"house_id":264,"lot_number":13,"block_num":11,"name":null,"status":null,"email":null,"contact_no":null},"geometry":{"type":"MultiPolygon","coordinates":[[[[-0.000808117855098,-0.00038061536722],[-0.000772650315003,-0.000474308355354],[-0.000844030668881,-0.000501467487056],[-0.000879776296696,-0.000411199705884],[-0.000810835434,-0.000381775249456],[-0.000808622277394,-0.000380830658286],[-0.000808117855098,-0.00038061536722]]]]}},
{"type":"Feature","properties":{"house_id":265,"lot_number":12,"block_num":11,"name":null,"status":null,"email":null,"contact_no":null},"geometry":{"type":"MultiPolygon","coordinates":[[[[-0.000739991467461,-0.000560622147283],[-0.000808316569604,-0.000591655649786],[-0.000844030668881,-0.000501467487056],[-0.000772650315003,-0.000474308355354],[-0.000739991467461,-0.000560622147283]]]]}},
{"type":"Feature","properties":{"house_id":266,"lot_number":11,"block_num":11,"name":null,"status":null,"email":null,"contact_no":null},"geometry":{"type":"MultiPolygon","coordinates":[[[[-0.000705830520546,-0.000448877835445],[-0.000674315656461,-0.000534733722579],[-0.000736251497985,-0.000558521718016],[-0.000739991467461,-0.000560622147283],[-0.000772650315003,-0.000474308355354],[-0.000705830520546,-0.000448877835445]]]]}},
{"type":"Feature","properties":{"house_id":267,"lot_number":15,"block_num":11,"name":null,"status":null,"email":null,"contact_no":null},"geometry":{"type":"MultiPolygon","coordinates":[[[[-0.001542828637026,-0.001114419244953],[-0.001587720575152,-0.001259196872144],[-0.001647370045309,-0.00124310169515],[-0.001618288427056,-0.001135969621407],[-0.001542828637026,-0.001114419244953]]]]}},
{"type":"Feature","properties":{"house_id":268,"lot_number":16,"block_num":11,"name":null,"status":null,"email":null,"contact_no":null},"geometry":{"type":"MultiPolygon","coordinates":[[[[-0.001647370045309,-0.00124310169515],[-0.001650300289599,-0.001242311029275],[-0.001658451559822,-0.001241404205384],[-0.00166649811632,-0.001242991172405],[-0.001698189140085,-0.001254468987449],[-0.001725239030237,-0.001167795617694],[-0.001618288427056,-0.001135969621407],[-0.001647370045309,-0.00124310169515]]]]}},
{"type":"Feature","properties":{"house_id":269,"lot_number":17,"block_num":11,"name":null,"status":null,"email":null,"contact_no":null},"geometry":{"type":"MultiPolygon","coordinates":[[[[-0.001698189140085,-0.001254468987449],[-0.001728577920653,-0.001265475157693],[-0.001737362380467,-0.001270722793892],[-0.001809395207184,-0.001192838526246],[-0.001725239030237,-0.001167795617694],[-0.001698189140085,-0.001254468987449]]]]}},
{"type":"Feature","properties":{"house_id":270,"lot_number":18,"block_num":11,"name":null,"status":null,"email":null,"contact_no":null},"geometry":{"type":"MultiPolygon","coordinates":[[[[-0.001737362380467,-0.001270722793892],[-0.001743557372717,-0.001278866901633],[-0.00176142843154,-0.001315001789792],[-0.001847850776966,-0.001271264051182],[-0.001809395207184,-0.001192838526246],[-0.001737362380467,-0.001270722793892]]]]}},
{"type":"Feature","properties":{"house_id":271,"lot_number":19,"block_num":11,"name":null,"status":null,"email":null,"contact_no":null},"geometry":{"type":"MultiPolygon","coordinates":[[[[-0.001792473021257,-0.001377773267883],[-0.001878807404321,-0.001334396381926],[-0.001847850776966,-0.001271264051182],[-0.00176142843154,-0.001315001789792],[-0.001792473021257,-0.001377773267883]]]]}},
{"type":"Feature","properties":{"house_id":272,"lot_number":20,"block_num":11,"name":null,"status":null,"email":null,"contact_no":null},"geometry":{"type":"MultiPolygon","coordinates":[[[[-0.001823849971999,-0.001441216772662],[-0.001910400536692,-0.001398826788353],[-0.001878807404321,-0.001334396381926],[-0.001792473021257,-0.001377773267883],[-0.001823849971999,-0.001441216772662]]]]}},
{"type":"Feature","properties":{"house_id":273,"lot_number":21,"block_num":11,"name":null,"status":null,"email":null,"contact_no":null},"geometry":{"type":"MultiPolygon","coordinates":[[[[-0.001855411085296,-0.001506351367787],[-0.001941833115015,-0.001462929764042],[-0.001910400536692,-0.001398826788353],[-0.001823849971999,-0.001441216772662],[-0.001855411085296,-0.001506351367787]]]]}},
{"type":"Feature","properties":{"house_id":274,"lot_number":22,"block_num":11,"name":null,"status":null,"email":null,"contact_no":null},"geometry":{"type":"MultiPolygon","coordinates":[[[[-0.001886645583878,-0.001571737760459],[-0.001973480445328,-0.00152747070067],[-0.001941833115015,-0.001462929764042],[-0.001855411085296,-0.001506351367787],[-0.001886645583878,-0.001571737760459]]]]}},
{"type":"Feature","properties":{"house_id":275,"lot_number":23,"block_num":11,"name":null,"status":null,"email":null,"contact_no":null},"geometry":{"type":"MultiPolygon","coordinates":[[[[-0.001917202087118,-0.00163570483565],[-0.002005118188988,-0.001591992086466],[-0.001973480445328,-0.00152747070067],[-0.001886645583878,-0.001571737760459],[-0.001917202087118,-0.00163570483565]]]]}},
{"type":"Feature","properties":{"house_id":276,"lot_number":24,"block_num":11,"name":null,"status":null,"email":null,"contact_no":null},"geometry":{"type":"MultiPolygon","coordinates":[[[[-0.001917202087118,-0.00163570483565],[-0.001952581103471,-0.001709934233945],[-0.002049639683284,-0.001682788337314],[-0.002005118188988,-0.001591992086466],[-0.001917202087118,-0.00163570483565]]]]}},
{"type":"Feature","properties":{"house_id":277,"lot_number":1,"block_num":14,"name":null,"status":null,"email":null,"contact_no":null},"geometry":{"type":"MultiPolygon","coordinates":[[[[-0.001774002221738,-0.001462008044703],[-0.00173053536235,-0.001374119010364],[-0.001657233039216,-0.001394182922753],[-0.00168268451944,-0.001486630295644],[-0.001774002221738,-0.001462008044703]]]]}},
{"type":"Feature","properties":{"house_id":278,"lot_number":2,"block_num":14,"name":null,"status":null,"email":null,"contact_no":null},"geometry":{"type":"MultiPolygon","coordinates":[[[[-0.001586193319811,-0.001413627678213],[-0.001657233039216,-0.001394182922753],[-0.00173053536235,-0.001374119010364],[-0.001700043824299,-0.001312465790584],[-0.001656135449688,-0.00129656311081],[-0.001559267294623,-0.001322700980882],[-0.001586193319811,-0.001413627678213]]]]}},
{"type":"Feature","properties":{"house_id":279,"lot_number":3,"block_num":14,"name":null,"status":null,"email":null,"contact_no":null},"geometry":{"type":"MultiPolygon","coordinates":[[[[-0.001613347773923,-0.001505325758896],[-0.00168268451944,-0.001486630295644],[-0.001657233039216,-0.001394182922753],[-0.001586193319811,-0.001413627678213],[-0.001613347773923,-0.001505325758896]]]]}},
{"type":"Feature","properties":{"house_id":280,"lot_number":4,"block_num":14,"name":null,"status":null,"email":null,"contact_no":null},"geometry":{"type":"MultiPolygon","coordinates":[[[[-0.001544823392432,-0.001523802182132],[-0.001613347773923,-0.001505325758896],[-0.001586193319811,-0.001413627678213],[-0.001518099725887,-0.001432265734545],[-0.001544823392432,-0.001523802182132]]]]}},
{"type":"Feature","properties":{"house_id":281,"lot_number":5,"block_num":14,"name":null,"status":null,"email":null,"contact_no":null},"geometry":{"type":"MultiPolygon","coordinates":[[[[-0.001518099725887,-0.001432265734545],[-0.001586193319811,-0.001413627678213],[-0.001559267294623,-0.001322700980882],[-0.001491454756322,-0.001340998793142],[-0.001518099725887,-0.001432265734545]]]]}},
{"type":"Feature","properties":{"house_id":282,"lot_number":6,"block_num":14,"name":null,"status":null,"email":null,"contact_no":null},"geometry":{"type":"MultiPolygon","coordinates":[[[[-0.001449063338108,-0.001451164299123],[-0.001518099725887,-0.001432265734545],[-0.001491454756322,-0.001340998793142],[-0.001422513567488,-0.001359601148427],[-0.001449063338108,-0.001451164299123]]]]}},
{"type":"Feature","properties":{"house_id":283,"lot_number":7,"block_num":14,"name":null,"status":null,"email":null,"contact_no":null},"geometry":{"type":"MultiPolygon","coordinates":[[[[-0.001475542136026,-0.001542482683698],[-0.001544823392432,-0.001523802182132],[-0.001518099725887,-0.001432265734545],[-0.001449063338108,-0.001451164299123],[-0.001475542136026,-0.001542482683698]]]]}},
{"type":"Feature","properties":{"house_id":284,"lot_number":8,"block_num":14,"name":null,"status":null,"email":null,"contact_no":null},"geometry":{"type":"MultiPolygon","coordinates":[[[[-0.001404038807847,-0.001561762328774],[-0.001475542136026,-0.001542482683698],[-0.001449063338108,-0.001451164299123],[-0.001378195484374,-0.001470559570627],[-0.001404038807847,-0.001561762328774]]]]}},
{"type":"Feature","properties":{"house_id":285,"lot_number":9,"block_num":14,"name":null,"status":null,"email":null,"contact_no":null},"geometry":{"type":"MultiPolygon","coordinates":[[[[-0.001378195484374,-0.001470559570627],[-0.001449063338108,-0.001451164299123],[-0.001422513567488,-0.001359601148427],[-0.001352135202806,-0.001378591295918],[-0.001378195484374,-0.001470559570627]]]]}},
{"type":"Feature","properties":{"house_id":286,"lot_number":10,"block_num":14,"name":null,"status":null,"email":null,"contact_no":null},"geometry":{"type":"MultiPolygon","coordinates":[[[[-0.001283593572723,-0.00139708583853],[-0.001310068145243,-0.001489214557176],[-0.001378195484374,-0.001470559570627],[-0.001352135202806,-0.001378591295918],[-0.001283593572723,-0.00139708583853]]]]}},
{"type":"Feature","properties":{"house_id":287,"lot_number":11,"block_num":14,"name":null,"status":null,"email":null,"contact_no":null},"geometry":{"type":"MultiPolygon","coordinates":[[[[-0.001336174195327,-0.001580060856632],[-0.001404038807847,-0.001561762328774],[-0.001378195484374,-0.001470559570627],[-0.001310068145243,-0.001489214557176],[-0.001336174195327,-0.001580060856632]]]]}},
{"type":"Feature","properties":{"house_id":288,"lot_number":12,"block_num":14,"name":null,"status":null,"email":null,"contact_no":null},"geometry":{"type":"MultiPolygon","coordinates":[[[[-0.001265627365,-0.001599082598481],[-0.001336174195327,-0.001580060856632],[-0.001310068145243,-0.001489214557176],[-0.001240509747799,-0.001508246244112],[-0.001265627365,-0.001599082598481]]]]}},
{"type":"Feature","properties":{"house_id":289,"lot_number":13,"block_num":14,"name":null,"status":null,"email":null,"contact_no":null},"geometry":{"type":"MultiPolygon","coordinates":[[[[-0.001240509747799,-0.001508246244112],[-0.001310068145243,-0.001489214557176],[-0.001283593572723,-0.00139708583853],[-0.001214897748674,-0.001415621987198],[-0.001240509747799,-0.001508246244112]]]]}},
{"type":"Feature","properties":{"house_id":290,"lot_number":14,"block_num":14,"name":null,"status":null,"email":null,"contact_no":null},"geometry":{"type":"MultiPolygon","coordinates":[[[[-0.001169683249065,-0.001527639459924],[-0.001240509747799,-0.001508246244112],[-0.001214897748674,-0.001415621987198],[-0.001144383863551,-0.001434648702079],[-0.001169683249065,-0.001527639459924]]]]}},
{"type":"Feature","properties":{"house_id":291,"lot_number":15,"block_num":14,"name":null,"status":null,"email":null,"contact_no":null},"geometry":{"type":"MultiPolygon","coordinates":[[[[-0.001194349092268,-0.001618301561219],[-0.001265627365,-0.001599082598481],[-0.001240509747799,-0.001508246244112],[-0.001169683249065,-0.001527639459924],[-0.001194349092268,-0.001618301561219]]]]}},
{"type":"Feature","properties":{"house_id":292,"lot_number":16,"block_num":14,"name":null,"status":null,"email":null,"contact_no":null},"geometry":{"type":"MultiPolygon","coordinates":[[[[-0.001120168581024,-0.001638303062753],[-0.001194349092268,-0.001618301561219],[-0.001169683249065,-0.001527639459924],[-0.001089743990838,-0.001549512932243],[-0.001120168581024,-0.001638303062753]]]]}},
{"type":"Feature","properties":{"house_id":293,"lot_number":17,"block_num":14,"name":null,"status":null,"email":null,"contact_no":null},"geometry":{"type":"MultiPolygon","coordinates":[[[[-0.001089743990838,-0.001549512932243],[-0.001169683249065,-0.001527639459924],[-0.001144383863551,-0.001434648702079],[-0.001058340410858,-0.001457865749884],[-0.001089743990838,-0.001549512932243]]]]}},
{"type":"Feature","properties":{"house_id":294,"lot_number":1,"block_num":13,"name":null,"status":null,"email":null,"contact_no":null},"geometry":{"type":"MultiPolygon","coordinates":[[[[-0.000886967182308,-0.00170452458702],[-0.00097765128604,-0.001678625335443],[-0.000950662909413,-0.001602429598038],[-0.000861912225704,-0.001634051573524],[-0.000886967182308,-0.00170452458702]]]]}},
{"type":"Feature","properties":{"house_id":295,"lot_number":2,"block_num":13,"name":null,"status":null,"email":null,"contact_no":null},"geometry":{"type":"MultiPolygon","coordinates":[[[[-0.00097765128604,-0.001678625335443],[-0.00106815320112,-0.001652778116686],[-0.001039994469405,-0.001570600593551],[-0.000950662909413,-0.001602429598038],[-0.00097765128604,-0.001678625335443]]]]}},
{"type":"Feature","properties":{"house_id":296,"lot_number":4,"block_num":13,"name":null,"status":null,"email":null,"contact_no":null},"geometry":{"type":"MultiPolygon","coordinates":[[[[-0.000861912225704,-0.001634051573524],[-0.000950662909413,-0.001602429598038],[-0.000926974117397,-0.001535554120059],[-0.000837926789185,-0.001567502449922],[-0.000861912225704,-0.001634051573524]]]]}},
{"type":"Feature","properties":{"house_id":297,"lot_number":3,"block_num":13,"name":null,"status":null,"email":null,"contact_no":null},"geometry":{"type":"MultiPolygon","coordinates":[[[[-0.000950662909413,-0.001602429598038],[-0.001039994469405,-0.001570600593551],[-0.001016626649393,-0.001503388655662],[-0.000926974117397,-0.001535554120059],[-0.000950662909413,-0.001602429598038]]]]}},
{"type":"Feature","properties":{"house_id":298,"lot_number":5,"block_num":13,"name":null,"status":null,"email":null,"contact_no":null},"geometry":{"type":"MultiPolygon","coordinates":[[[[-0.000837926789185,-0.001567502449922],[-0.000926974117397,-0.001535554120059],[-0.000903347001364,-0.001468843493047],[-0.000814004538352,-0.001501248045756],[-0.000837926789185,-0.001567502449922]]]]}},
{"type":"Feature","properties":{"house_id":299,"lot_number":6,"block_num":13,"name":null,"status":null,"email":null,"contact_no":null},"geometry":{"type":"MultiPolygon","coordinates":[[[[-0.000926974117397,-0.001535554120059],[-0.001016626649393,-0.001503388655662],[-0.000993438043671,-0.001436158592813],[-0.000903347001364,-0.001468843493047],[-0.000926974117397,-0.001535554120059]]]]}},
{"type":"Feature","properties":{"house_id":300,"lot_number":7,"block_num":13,"name":null,"status":null,"email":null,"contact_no":null},"geometry":{"type":"MultiPolygon","coordinates":[[[[-0.000903347001364,-0.001468843493047],[-0.000993438043671,-0.001436158592813],[-0.000969816436147,-0.001367673140195],[-0.000878993024175,-0.001400165550559],[-0.000903347001364,-0.001468843493047]]]]}},
{"type":"Feature","properties":{"house_id":301,"lot_number":8,"block_num":13,"name":null,"status":null,"email":null,"contact_no":null},"geometry":{"type":"MultiPolygon","coordinates":[[[[-0.000814004538352,-0.001501248045756],[-0.000903347001364,-0.001468843493047],[-0.000878993024175,-0.001400165550559],[-0.000788732029344,-0.001432456754117],[-0.000814004538352,-0.001501248045756]]]]}},
{"type":"Feature","properties":{"house_id":302,"lot_number":9,"block_num":13,"name":null,"status":null,"email":null,"contact_no":null},"geometry":{"type":"MultiPolygon","coordinates":[[[[-0.000788732029344,-0.001432456754117],[-0.000878993024175,-0.001400165550559],[-0.000854823225498,-0.001331847259972],[-0.000763857241004,-0.001364866024991],[-0.000788732029344,-0.001432456754117]]]]}},
{"type":"Feature","properties":{"house_id":303,"lot_number":10,"block_num":13,"name":null,"status":null,"email":null,"contact_no":null},"geometry":{"type":"MultiPolygon","coordinates":[[[[-0.000878993024175,-0.001400165550559],[-0.000969816436147,-0.001367673140195],[-0.000946265045197,-0.001298955072458],[-0.000854823225498,-0.001331847259972],[-0.000878993024175,-0.001400165550559]]]]}},
{"type":"Feature","properties":{"house_id":304,"lot_number":12,"block_num":13,"name":null,"status":null,"email":null,"contact_no":null},"geometry":{"type":"MultiPolygon","coordinates":[[[[-0.000763857241004,-0.001364866024991],[-0.000854823225498,-0.001331847259972],[-0.000828443872857,-0.001257370946486],[-0.000735530015521,-0.001287894201215],[-0.000763857241004,-0.001364866024991]]]]}},
{"type":"Feature","properties":{"house_id":305,"lot_number":11,"block_num":13,"name":null,"status":null,"email":null,"contact_no":null},"geometry":{"type":"MultiPolygon","coordinates":[[[[-0.000854823225498,-0.001331847259972],[-0.000946265045197,-0.001298955072458],[-0.000921255336345,-0.001226881329296],[-0.000828443872857,-0.001257370946486],[-0.000854823225498,-0.001331847259972]]]]}},
{"type":"Feature","properties":{"house_id":306,"lot_number":1,"block_num":12,"name":null,"status":null,"email":null,"contact_no":null},"geometry":{"type":"MultiPolygon","coordinates":[[[[-0.000809349877344,-0.001206910745306],[-0.000903583450591,-0.001175953948949],[-0.000877009013271,-0.001099370923473],[-0.000783447876307,-0.001133300130007],[-0.000809349877344,-0.001206910745306]]]]}},
{"type":"Feature","properties":{"house_id":307,"lot_number":2,"block_num":12,"name":null,"status":null,"email":null,"contact_no":null},"geometry":{"type":"MultiPolygon","coordinates":[[[[-0.000717267328262,-0.001237160905856],[-0.000809349877344,-0.001206910745306],[-0.000783447876307,-0.001133300130007],[-0.000692024492536,-0.001166444288451],[-0.000717267328262,-0.001237160905856]]]]}},
{"type":"Feature","properties":{"house_id":308,"lot_number":3,"block_num":12,"name":null,"status":null,"email":null,"contact_no":null},"geometry":{"type":"MultiPolygon","coordinates":[[[[-0.000692024492536,-0.001166444288451],[-0.000783447876307,-0.001133300130007],[-0.000759436741455,-0.00106506314677],[-0.000667898451071,-0.001098856317656],[-0.000692024492536,-0.001166444288451]]]]}},
{"type":"Feature","properties":{"house_id":309,"lot_number":4,"block_num":12,"name":null,"status":null,"email":null,"contact_no":null},"geometry":{"type":"MultiPolygon","coordinates":[[[[-0.000783447876307,-0.001133300130007],[-0.000877009013271,-0.001099370923473],[-0.000853110554229,-0.001030499613963],[-0.000759436741455,-0.00106506314677],[-0.000783447876307,-0.001133300130007]]]]}},
{"type":"Feature","properties":{"house_id":310,"lot_number":5,"block_num":12,"name":null,"status":null,"email":null,"contact_no":null},"geometry":{"type":"MultiPolygon","coordinates":[[[[-0.000759436741455,-0.00106506314677],[-0.000853110554229,-0.001030499613963],[-0.000830046045465,-0.000964031607845],[-0.000735982284407,-0.000998408180134],[-0.000759436741455,-0.00106506314677]]]]}},
{"type":"Feature","properties":{"house_id":311,"lot_number":6,"block_num":12,"name":null,"status":null,"email":null,"contact_no":null},"geometry":{"type":"MultiPolygon","coordinates":[[[[-0.000667898451071,-0.001098856317656],[-0.000759436741455,-0.00106506314677],[-0.000735982284407,-0.000998408180134],[-0.000644032922987,-0.001031993570308],[-0.000667898451071,-0.001098856317656]]]]}},
{"type":"Feature","properties":{"house_id":312,"lot_number":7,"block_num":12,"name":null,"status":null,"email":null,"contact_no":null},"geometry":{"type":"MultiPolygon","coordinates":[[[[-0.000644032922987,-0.001031993570308],[-0.000735982284407,-0.000998408180134],[-0.000711996462645,-0.000930243133892],[-0.000619996008782,-0.000964637046819],[-0.000620428033626,-0.000965847671913],[-0.000644032922987,-0.001031993570308]]]]}},
{"type":"Feature","properties":{"house_id":313,"lot_number":8,"block_num":12,"name":null,"status":null,"email":null,"contact_no":null},"geometry":{"type":"MultiPolygon","coordinates":[[[[-0.000735982284407,-0.000998408180134],[-0.000830046045465,-0.000964031607845],[-0.000806110346314,-0.000895052978649],[-0.000711996462645,-0.000930243133892],[-0.000735982284407,-0.000998408180134]]]]}},
{"type":"Feature","properties":{"house_id":314,"lot_number":9,"block_num":12,"name":null,"status":null,"email":null,"contact_no":null},"geometry":{"type":"MultiPolygon","coordinates":[[[[-0.000711996462645,-0.000930243133892],[-0.000806110346314,-0.000895052978649],[-0.000781793959492,-0.00082497727209],[-0.000687739210737,-0.00086130373058],[-0.000711996462645,-0.000930243133892]]]]}},
{"type":"Feature","properties":{"house_id":315,"lot_number":10,"block_num":12,"name":null,"status":null,"email":null,"contact_no":null},"geometry":{"type":"MultiPolygon","coordinates":[[[[-0.000620428033626,-0.000965847671913],[-0.000711996462645,-0.000930243133892],[-0.000687739210737,-0.00086130373058],[-0.000595793227122,-0.000896815727596],[-0.000620428033626,-0.000965847671913]]]]}},
{"type":"Feature","properties":{"house_id":316,"lot_number":11,"block_num":12,"name":null,"status":null,"email":null,"contact_no":null},"geometry":{"type":"MultiPolygon","coordinates":[[[[-0.000595793227122,-0.000896815727596],[-0.000687739210737,-0.00086130373058],[-0.00066381015228,-0.000793302991377],[-0.000571106117413,-0.000827637218619],[-0.000595793227122,-0.000896815727596]]]]}},
{"type":"Feature","properties":{"house_id":317,"lot_number":12,"block_num":12,"name":null,"status":null,"email":null,"contact_no":null},"geometry":{"type":"MultiPolygon","coordinates":[[[[-0.000687739210737,-0.00086130373058],[-0.000781793959492,-0.00082497727209],[-0.000758618463202,-0.000758189418724],[-0.00066381015228,-0.000793302991377],[-0.000687739210737,-0.00086130373058]]]]}},
{"type":"Feature","properties":{"house_id":318,"lot_number":14,"block_num":12,"name":null,"status":null,"email":null,"contact_no":null},"geometry":{"type":"MultiPolygon","coordinates":[[[[-0.000571106117413,-0.000827637218619],[-0.00066381015228,-0.000793302991377],[-0.000640207772656,-0.000726227635835],[-0.00054840401825,-0.000760097722472],[-0.000570043143653,-0.000824658541055],[-0.000571106117413,-0.000827637218619]]]]}},
{"type":"Feature","properties":{"house_id":319,"lot_number":13,"block_num":12,"name":null,"status":null,"email":null,"contact_no":null},"geometry":{"type":"MultiPolygon","coordinates":[[[[-0.00066381015228,-0.000793302991377],[-0.000758618463202,-0.000758189418724],[-0.000735347496922,-0.000691126437025],[-0.000640207772656,-0.000726227635835],[-0.00066381015228,-0.000793302991377]]]]}},
{"type":"Feature","properties":{"house_id":320,"lot_number":15,"block_num":12,"name":null,"status":null,"email":null,"contact_no":null},"geometry":{"type":"MultiPolygon","coordinates":[[[[-0.00054840401825,-0.000760097722472],[-0.000640207772656,-0.000726227635835],[-0.000616282606395,-0.000658234965795],[-0.000525478600742,-0.000691683695285],[-0.00054840401825,-0.000760097722472]]]]}},
{"type":"Feature","properties":{"house_id":321,"lot_number":17,"block_num":12,"name":null,"status":null,"email":null,"contact_no":null},"geometry":{"type":"MultiPolygon","coordinates":[[[[-0.000525478600742,-0.000691683695285],[-0.000616282606395,-0.000658234965795],[-0.000580457016858,-0.000556422612148],[-0.000464745872842,-0.000511980878604],[-0.000525478600742,-0.000691683695285]]]]}},
{"type":"Feature","properties":{"house_id":322,"lot_number":16,"block_num":12,"name":null,"status":null,"email":null,"contact_no":null},"geometry":{"type":"MultiPolygon","coordinates":[[[[-0.000640207772656,-0.000726227635835],[-0.000735347496922,-0.000691126437025],[-0.000705234746482,-0.000604346592672],[-0.000580457016858,-0.000556422612148],[-0.000640207772656,-0.000726227635835]]]]}}
]
}
